text_processed,translate_en
amit amit... kejadian kayak begini bikin dia besar kepala memalukan,amit amit ... events like this make him big shameful head
presiden prabowo bakal pidato poltik di may day monas naik maung dari istana prabowo hariburuh mayday,President Prabowo will be a poltic speech at May Day Monas on Maung from Prabowo Hariburuh Mayday Palace
lepaskan hidup dari dendam,let go of life from revenge
sayang nya pak presiden subianto tidak merasa terhina ketika preman menghina purnawirawan bau tanah sekelas pak sutyoso pendidikan militer dan pencapaian nya luar biasa seenak nya di hina oleh preman di biarkan oleh presiden seakan situasi ini sengaja diciptakan ?,"Unfortunately, Mr. President Subianto did not feel insulted when thugs insulted retirement of the smell of land of the same class as the military education and his achievements were extraordinary as insulted by thugs were allowed by the president as if this situation was deliberately created?"
heran..kok bisa balas dendam ya..pdhl dia udah pensiun berarti masih tetap pegang kendali pemerintahan yang .dipimin prabowo,surprised ... you can get revenge huh ... but he has retired means still still holding the control of the government. Dipimin Prabowo
bubarin aja ini negara gak usah nunggu kalo pemerintahannya cemen. gak berani menindak tegas koruptor dan preman. gak berani ma mulyoni...cemen!,Just disperse this country doesn't need to wait if the government is cemen.Do not dare to crack down on corruptors and thugs.Don't dare Ma Mulyoni ... Cemen!
ridwan bae apresiasi komitmen presiden prabowo subianto pada infrastruktur nasional luar biasa! bahlillahadalia kuningkeren golkarindonesia partaigolkar golkarpedia,Ridwan Bae appreciated President Prabowo Subianto's commitment to extraordinary national infrastructure!Bahlillahadalia Kuningkeren Golkarindonesia Golkarpedia
prabowo gak bego membiarkan cebong tolol jadi presiden di,Prabowo isn't stupid to let the stupid tadpole become president in
oowh pantas.. begini caramu mendoktrin diri sendiri dengan selalu mendengarkan berita negatif berulang ulang hingga mempertebal kebencianmu,Oowh deserves .. this is how you indoctrin yourself by always listening to negative news repeatedly to strengthen your hatred
dankorbrimob polri hadiri pembukaan rakernis gabungan divisi polri rabu . kepala kepolisian negara republik indonesia kapolri jenderal polisi listyo sigit prabowo secara resmi membuka rapat kerja teknis rakernis gabungan divisi polri t.a. .,Dankorbrimob Polri attended the opening of the Rakernis Joint National Police Division Wednesday.The Head of the National Police of the Republic of Indonesia National Police Chief General Police Listyo Sigit Prabowo officially opened the Technical Work Meeting of the Rakernis Joint Rakernis Polri T.A..
sudah ke pengadilan tunggu saja prosesnya nggak usah koar koar merasa terzolimi memfitnah orang juga kalo nggak terbukti juga mendzolimi jangan nanti kalah di pengadilan bikin opini lagi merasa terzolimi perkuat saja buki buktinya di pengadilan itu nanti adu bukti dan fakta.,"Already to the court, just wait for the process, you don't need to go, you feel wronged to slander people if they are not proven to also not dwall up, don't lose later in the court, making opinions again, feel frustrated, just strengthen the evidence in the court, then the evidence and facts."
met pagi sis tetep semangad jaga pak pak dan mas dr serangan hoax gerombolan kalah pilpres,Met morning sis keeps the spirit to guard Pakpak and mas from the Hoax attacks losing the presidential election
buat gaduh dan membuat rakyat takut pak . masa seperti ngancam mau kerahkan ratusan ribu ke jabar? ormas kok rasa preman? bubarkan saja pak gk penting ormas yang rasa preman.,"Make noise and make people afraid of sir.Is it like a threatening to mobilize hundreds of thousands to West Java?CSOs how come the taste of thugs?Just dissolve Mr. GK, important mass organizations."
mutasi di tni itu hal yang wajar,mutation in the TNI is a natural thing
siapa bilang tidak kenal dengan si preman her culas,who said he didn't know the thugs he culas
tppbersamamenteridesa musdesus pembentukan koperasi merah putih tppbersamamenteridesa,TPPBersamamenteridesa Musdesus Formation of the Red and White Cooperative TPPBersamamenteridesa
coba dibuka berapa komposisi hutang dan nonhutang di cadangan devisa. walau jamak dalam praktik hutang dianggap sebagai cadangan devisa tapi itu bukan prestasi.,Try to open the composition of debt and non -debt in foreign exchange reserves.Although plural in debt practice is considered a foreign exchange reserve but that is not an achievement.
dulu jika ada cendikiawan muslim berhasil menemukan bukti ilmiah maka mereka menguji dan mendiskusikannya kalo sekarang para cendekiawan muslim di indonesia ya kek pecundang duduk manis menonton sambil menunggu waktunya mereka bisa memanfaatkan situasi yang menguntungkan..,"In the past, if there was a Muslim scholar, they succeeded in finding scientific evidence, then they tested and discussed it that now the Muslim scholars in Indonesia were the losers sitting sweetly watching while waiting for time they could take advantage of the favorable situation .."
kalo pro buruh tentu gak sebanyak ini pengangguran,if pro workers are certainly not this unemployment
jokowi difitnah adalah fitnah sampai terbukti. pernyataan anda sangat tendensius dan provokatif. tak sesuai desain awal anda yang inginkan perdamaian.,Jokowi was slandered was slander until it was proven.Your statement is very tendentious and provocative.Not according to your initial design that you want peace.
gak punya marwah itu pak .keputusannya di kangkangi genk jokowi. omon geude nyali nol .awas pak aku gak percy dg ramalan tp si gumay bilang anda cuma bulan sisa bln lg loh.,"Don't have a spirit, sir. The decision is in Kangkangi Genk Jokowi.Omon geude guts zero. Haws, sir, I don't do it with predictions, but the Gumay said you were only the remaining months."
ok gas ...indonesia emas nih pak l berkas kerja keras kalian kita memimpin klasemen pengangguran ke di asean. kinerja kalian sangat memuaskan mayoritas para pengangguran. siapa yang yang hendak kalian utus untuk menerima penghargaan ini ?,"Ok gas ... Indonesia is gold, Mr.Your performance is very satisfying the majority of unemployment.Who do you want to receive this award?"
fpi dulu dan sekarang gak pernah nongol minta minta ke perusahaan sih tapi nongol ya di lokasi bencana !,FPI first and now never appeared to ask to ask the company but appeared at the disaster site!
pak ingat sumpah anda di atas quran bahwa anda akan menegakkan undangundang... jangan malah menegakkan premanisme,"Sir, remember your oath above the Quran that you will enforce the law ... don't even uphold thuggery"
pak kata bpk indonesia kaya indonesia baik saja lalu kenapa jadi juara pengangguran se asia.?....,Pak said BPK Indonesia Rich Indonesia is fine then why become a champion of unemployment in Asia? ....
punya mantan presiden yang pendendam masa baru sekarang ngelaporin pas udah di luar jabatan presiden trelihat sekali politisnya kalo dia bener negarawan tinggal tunjukin ijazah asli dan berkata ok semuanya selesai dan saya nggak akan tuntut siapapun maka semua akan kagum,"Having a former president who is penging at the new time is now reporting when it's already outside the position of the president, very politically seen if he is really a statesman to show the original diploma and say ok everything is finished and I will not sue anyone then all will be amazed"
kalo tuduhan itu ternyata cuman fitnah....lo siap ga kdng segala resikonya...klo gw sih lebih ke fitnah tak berdasar..,If the accusation turns out to be just slander ... you are ready not to all the risks ... if I am more unfounded slander ...
fpi ga sampai nyegel pabrik bro,FPI doesn't seal the factory bro
tppbersamamenteridesa musdesus pembentukan koperasi merah putih tppbersamamenteridesa,TPPBersamamenteridesa Musdesus Formation of the Red and White Cooperative TPPBersamamenteridesa
naikan gaji prajurit pak.. supaya cukup untk biaya mereka dan keluarganya dulu.,The salary increase of your soldier ... so that it is enough for their expenses and their families first.
karena ga becusan memimpin anak buahnya akhirnya preman merajalela menguasai setiap wilayah karena ga becus kepemimpinan yang merangkul preman sbgai senjata melindungi diri lalu apa gunanya ad aparat bubarkanormas,"Because he did not lead his subordinates, the thugs finally rampant to control each region because of the leadership that embraced the thugs as weapons to protect themselves and what was the point"
apakah prabowo benar ada dibalik kedigdayaan hercules?,Is Prabowo really behind Hercules's superiority?
temen kamu buzzernya prabowogibran mungkin.,Your friend is Prabowo Gibran's buzzer.
mulyono memang udah zolim banget.. hanya semesta yang bisa menghentikan langkah busuknya,Mulyono is already very zolim ... only the universe can stop the rotten steps
kaburrrr,KAWURRRRR
jangan jadi kucing,Don't be a cat
wni asli harus bangkit lawan wni palsu yang pro pki,Original Indonesian citizens must rise against fake citizens who are pro PKI
sibuntung akan dijadikan panglima besar pam swakarsa.,Sibuntung will be the Great Commander of Pam Swakarsa.
sampe pensiun dan masih lama,until retirement and still long
lebih baik suara buruh didengar karena aksi damai daripada karena kericuhan di may day maydaybermartabat,Better Voice of workers to be heard because of a peaceful action than because of the riots in May Day MaydayBartabat
cek valir nico jaket parasut pria waterproof anti air keren dengan harga rp.. dapatkan di shopee sekarang!,Check Valir Nico Men's Parachute Jacket Waterproof Cool Waterproof with a price of Rp. Get it in Shopee now!
alasan hasan nasbi mundur hasan nasbi mundur sebagai kepala kantor komunikasi kepresidenan. tiga narasumber tempo menyebutkan sejumlah penyebab mundurnya hasan. salah satunya hasan merasa terpojok dan tak lagi punya peran di pemerintah setelah presiden prabowo menunjuk,The reason Hasan Nasbi resigned Hasan Nasbi resigned as Head of the Presidential Communication Office.Three Tempo speakers mentioned a number of causes of Hasan's resignation.One of them Hasan felt cornered and no longer had a role in the government after President Prabowo pointed out
wo wo hancur beneran negara ini,wo wo destroyed this country
demokrat kepala pco harus orang kepercayaan presiden dan paham alur pikir prabowo,Democrats Head of PCO must be trusted by the president and understand Prabowo's mindline
jagamarwahtni jagamarwahpolri dari intimidasi premanisme,Jagamarwahtni Jagamarwahpolri from the intimidation of thuggery
sok atuh kdm kumpulkeun barudak sunda wiwitan deur ah...,pretentious or kdm kumpulkeun barudak Sunda wiwitan deur ah ...
knp jokowi yang di salahkan tanya prabowo dong. mereka kira prabowo orang bodoh milih gibran asal comot doang??,Why is Jokowi blamed by Prabowo's question.They think Prabowo is a fool to choose Gibran as long as it's comot ??
jelas pasti nggak bisa lah wong sudah diakali sampai terjebak...,Obviously definitely can't be tricked until it is trapped ...
selamat memperingati hari buruh! hormat setinggitingginya bagi para pekerja untuk kerja keras yang tidak mengenal lelah dan kontribusi besarnya terhadap kesejahteraan keluarga bangsa dan negara. gerindra partaigerindra prabowo prabowosubianto buruh mayday,Congratulations on commemorating Labor Day!Respect for a highest for workers to work hard who know tireless and their major contributions to the welfare of the nation and state families.Gerindra Party Gerindra Prabowo Prabowosubianto Workers Mayday
wajar lah jabatan lebih penting dari pada apapun didunia ini manusia kan hidup tahun jadi harus ngumpulin harta banyak kapan perlu sepuluh jabatan satu orang. buat anak istri agar selamat dari kemiskinan tp sayang dr malaikat maut tidak anak istri pun diazab,"Naturally, the position is more important than anything in this world, humans live in the year so they must collect a lot of wealth when it needs ten positions of one person.for the wife and children to survive poverty but unfortunately from the angel of death, the wife is not the wife of the wife"
cendikiawan yang tidak menjadi setan bisu terbukti mampu memerdekakan negeri ini. maka bangkitlah wahai cendkiawan. sudah saatnya kebenaran dan keadilan kembali merajai negeri ini.,"Cendikiawan who did not become a mute demon was proven to be able to liberate this country.Then rise, O Cendkiawan.It is time for the truth and justice to dominate this country."
gejala panic state cari deking polisi.abisnya pak no coment sih. brani gak adu argument ilmiah teknologi informatika.kau suruh bayar ahli nya dari antartika mungkin pinguin bisa sulap itu ijazah nya,"symptoms of panic state looking for police backs.Brani does not fight for scientific arguments for informatics technology. You are told to pay for experts from Antarctica, maybe Pinguin can be magic that the diploma"
jadi prabowo yang sok gagah gagah mau brantas ini itu dan mau sejahterakan rakyat ga ada kuasa apa apa rupanya ya om?????,"So Prabowo, who is pretentious, is dashing, want this brantas and wants the people to be welfare, there are no power, apparently, uncle ?????"
semua akan terbongkar jika hukum di indonesia ini benar di jalankan dan aparatur penegak hukum nya jujur . maka apa yang diharapkan rakyat indonesia dan presiden bisa terkabulkan. hukum jika bersalah jangan di lindungi atau ditutupi.... bersatulah negarawan indonesia...,All will be revealed if the law in Indonesia is true and the law enforcement apparatus is honest.then what the Indonesian people and the president expect can be granted.law if guilty should not be protected or covered .... unite Indonesian statesmen ...
semoga tuhan mencintai negeri ini dibimbing ke jalan yang lebih baik dan penuh keberkahan amiin,May God love this country be guided to a better path and full of blessings
bubarkan ...,Disband ...
wiiiiii kalau elo enggak tau caranya maka segera mundur dong. unpaedah banget lho ditunjuk jadi mentri. kok bego banget mentrinya ni.,"Wiiii, if you don't know how to immediately retreat.Unpaedah is really appointed to be a minister.How come it's really stupid."
tppbersamamenteridesa musdesus pembentukan koperasi merah putih tppbersamamenteridesa,TPPBersamamenteridesa Musdesus Formation of the Red and White Cooperative TPPBersamamenteridesa
ngga ada hubungannya terpilihnya presiden dan wapres dengan kepuasan setelah mereka terpilih. emangnya kalo sudah terpilih warga indonesia harus dipaksa puas gitu? ya ngga lah. kepuasan itu hubungannya dengan kinerja setelah mereka terpilih. kamu harus move on dari pemilu!,"There is no connection between the election of the President and Vice President with satisfaction after they were elected.Do you have to be forced to be satisfied if the Indonesian citizens?Yes, no.Satisfaction is related to performance after they are elected.You have to move on from elections!"
gimana hercules masih disayang mimin ormas menjanjikan ya anggota kalian preman emang ga malu kalian dikadalinpreman ganti baju aj preman jd polisi polisi jd anak buah preman gimana,"How do Hercules still loved by Mimin Ormas promising, yes, your members thugs are not ashamed, you guys are channeled to change clothes, so the police are the police"
presiden prabowo mantan jenderal tni ad mosok tidak mau mendengarkan keinginan para jenderal seniornya maupun yang satu angkatan,"President Prabowo, former TNI AD Mosok, did not want to listen to the wishes of his senior generals or one generation"
prabowo akan menjadi presiden ke yang akan hadir aksi mayday .. setelah tahun berlalu pasca bung karno artinya apa ? soekarnois sejati ada pada jiwa prabowo bukan dengan patung dan menjual nama proklamator indonesiamenyala,"Prabowo will be the president to the one who will attend the Mayday action ... After the year after Bung Karno, what does it mean?Soekarnois True is in Prabowo's soul not with a statue and sells the name of the Indonesian proclamator"
koq bisa kalsel ada grib semakin merajalela. prabowo mencontek mertuanya kalo dulu pp dengan yorisnya sekarang ada grib. indonesia cemas,how come South Kalimantan there is a grib more rampant.Prabowo cheated his in -laws if in the past PP with Yoris there was now a grib.Indonesia is worried
bah.. ngeri berita ini bnrkh letjen kunto arief wibowo dimutasi karena sang ayah dukung pemakzulan gibran? dan dosakh pak tri sutrisno jk ikut dukung pemakzulan gibran..yg tntu sja dilakukn pak tri demi kebaikn bangsa dan negeri ini? rakyat bertanya? aksiprabowogantigibran,Bah .. horrified this news bnrkh Lieutenant General Kunto Arief Wibowo was transferred because the father supported Gibran's impeachment?And Dosakh Pak Tri Sutrisno JK supports Gibran's impeachment ... YG is not done by Mr. Tri for the sake of the nation and the country?The people ask?AksiprabowogantiGibran
bentar... menko pangan tu si zulhas? ga kaget sih kalo dia yang ngomong solusi ecek begitu dari dulu aja dah sendiko dawuh ke prabowo apalagi prabowonya iya iya aja,"Wait ... Coordinating Minister for Food, the Zulhas?not surprised if he was the one who said the solution of the ecek like that from the first time dahikiko dawuh to Prabowo especially Prabowonya, yeah"
sudah lama wooi... banser pp satgas partai. wkwkwk..tidak nyaman tapi bisa ikutan sebar hoax...bisa twitteran setiap jam kocak,It's been a long time wooi ... Banser PP Task Force Party.wkwkwk ... not comfortable but can join in hoaxes ... can twitter every hour funny
bangsat jokowi..!!!,Jokowi's bastard .. !!!
peringatan may day today di monas prabowo akan trcatat dalam sejarah sebagai presiden kedua yang hadir di acara bersama ratusan ribu buruh. yang pertama adl soekarno pd thn yang lalu mayday,"May Day Today's commemoration at Monas Prabowo will be recorded in history as the second president who was present at the event with hundreds of thousands of workers.The first was Soekarno in the past, maybe"
dasar koplak..pengikut dokter gadungan sama panci ya...,Basic Koplak ... Following a fake doctor and the pan ...
harusnya pak prabowo sudah saatnya lepas dari bayang bayang jokodok,Pak Prabowo should have been separated from the shadow of Jokodok
kegaduhan kerusuhan kedzoliman yang berlangsung seakan dibiarkan hanyalah akibat diamnya orang bijak para pemegang kendali keputusan para pemuka agama dan para akademisi intelektual? apakh takut kepentingan pribadikeluarga terganggu? ato malah enjoy??,The Commission of the riots of the riots that took place seemed to be left only due to the silence of the wise people holding the decisions of religious leaders and intellectual academics?Is it afraid that the interests of the family are disturbed?or even enjoy it ??
jangan di colek..di cubit aja.,Don't poke ... just pinch it.
serapuh itukah hankam ri pa . jangankan lawan orang luar. lawan preman kampung ternyata melehoy... dulu jendral apa kopral,"RI RI's right right?Let alone opponents of outsiders.opponents of the village thugs turned out to be melehoy ... in the past, what was the Corporal General"
gini to cendikiawan,Gini to Cendikiawan
ingat kata pak,Remember the word sir
orang pintar ahli dan cerdas byk lho yang ga sejalan dg jokowi. ada yang teriak ijasah palsu? cuma yang pura ahli aja yang teriak palsu. silahkan nikmati akibatnya.. ga usah cengeng.,"Smart and smart people, you know, who are not in line with Jokowi.Is there anyone who shouted a fake diploma?Only those who pretend to be experts who shouted fake.Please enjoy the consequences ... no need to be whiny."
hidup diats ksengsaraan derita rakyat yang hak mrk sudah dirampokamp dirampas oleh manusia syetan koruptor karena kesrakahanampktamakan akn harta tp keblingernya justru presiden prihatinnya dg ham keluarga koruptor. dimana akal pikirampnurani anda pak?,"Living Diats KSengsarakan Suffering the people who have been robbed of the rights have been robbed by humans of the corrupt shaytan because they are prioritized by the wealth, but the president is concerned with the human rights of the corrupt family.Where is your mind, sir?"
feeling gw berat. pak kartu as ny sudah dipegang ama mulyono bisa anaknya bernasib sama dengan anaknya pak tri pak lebih memilih berjuang dijalur yang berbeda pak paling koar dimedsos. welcome to the jungle,"I'm heavy feeling.The US card has been held by AMA Mulyono, his son can suffer the same fate as his son Pak Tri Pak prefers to fight in the most different pak, the most coar in Dimedsos.welcome to the jungle"
surat terbuka buat tokoh bangsa yang terhormat pak . . beriring video dan narasi dari bu yang sangat bagus.,"an open letter for a respected national figure, sir..Video and narration from BU are very good."
bgst gw kira line tuh pendukung prabowo,I think I think LINE is Prabowo's supporter
cara lama masih aja dipake,the old way is still using it
assalamualaikum pa presiden tolong tindak preman berseragam ormas semakin ngelunjak tifak menghargai para penegak hukum. dan menghina para purnawirawan. tni dan polri berpangkat tamtama jt lebih terhormat drpda preman berseragam ormas.,Assalamualaikum PA President please act of thugs in uniformed organizations increasingly supporting the law enforcers.and insult retired.The TNI and Polri with the rank of Tamtama JT are more honorable than Thugs in CSO uniforms.
gusdur bangsa ini bangsa pengecut tidak berani melawan kejahagan. menurut sy yang pengecut adalah para petinggi dan pejabat yang takut kehilangan jabatannya. rakyat ma mau aja diajak perang ya monggo,"Gusdur this nation is a cowardly nation not daring to fight the championship.According to SY who was a coward, the officials and officials who were afraid of losing their positions.people want to be invited to war, please"
sri mulyani lapor negosiasi tarif trump prabowo bilang good!,Sri Mulyani Reports Trump Prabowo Tariff Negotiations say good!
sesuai prediksi bowo?,according to Bowo's prediction?
renungkan dan diam fikirkan. lalu bertindaklah yang benar hanya demi rakyat indonesia.,contemplate and be quiet.Then act correctly only for the people of Indonesia.
tenabang lagi sepi...,Tenabang is quiet again ...
sekedar membuktikan selembar ijasah saja ru bangsa ini..semua kekuatan dikerahkan..apalagi memberantas korupsi..judol..film porno..agen aseng..premanisme..dominasi aseng...tambang ilegal...ahhh bangsa ini sepertinya akan masuk dalam situasi yang sangat mengerikan...nauzubilla,"Just to prove a diploma, this nation ... all the strengths are mobilized ... especially eradicating corruption ... Judol ... pornographic philosopher ... Aseng agen ... Pemmanism ... dominated asseng ... illegal mines ... ahhh this nation seems to be in a very terrible situation ... Nauzubilla"
prediksi diamnya prabowo dalam kasus dugaan ijazah palsu jokowi mungkin beliau juga punya kecurigaan yang sama. kalau beliau mengetahui keasliannya pasti beliau akan bersuara untuk meredam polemik dan meneriakkan hidup jokowi ..!,"Prabowo's silence predictions in the case of alleged fake Jokowi diplomas may also have the same suspicion.If he knows his authenticity, he will make a sound to reduce the polemic and shout Jokowi's life ..!"
pabrik di mana yang ditutup fpi om ?,Which factory is closed by FPI Om?
indonesia berbenah mantap pak presiden prabowo tegakkan keadilan hukum d indonesia,"Indonesia is in the future, Mr. President Prabowo upholds legal justice in Indonesia"
makin bertingkah ini preman pasar yang berlindung diketiak,The more acting this market thugs who take refuge in the armpits
saya mendukung surat terbuka ini.bantulah kami.tegak kan ke adilan.seadil adilnya.tampa krimanalisasi.biar hasilnya cepat kita ketahui.benar atau salah.trimakasih.,"I support this Open Letter. It's us, we are to the same as the fairness."
wapresnya galaknya sama?,The vice president is the same fierce?
semuanya harus dibawah kendali mulyono lagi ya!!!!!!,Everything must be under the control of Mulyono again !!!!!!
sebut saja langsung macan ompongnya,Call it directly the toothless tiger
jaman sby preman bersorban merajalela. jaman prabowo giliran preman ala militer. bukankah ini cara halus mengolok olok tni?,The SBY Time Thugs were rampant.Prabowo's time was military -style thugs.Isn't this a delicate way to make fun of the TNI?
sepakat,agreed
apalagi sex education berat. tanpa dukungan dan perlindungan pemerintah ya susah. emang akan terdengar kontradiktif tapi sedari awal kepepimpinan prabowo emang kayanya visinya mau melenyakan kemiskinan dengan membunuh orang miskin. so i dont surprise toh pilihan kalian.,"Moreover, sex education is heavy.Without the support and protection of the government is difficult.It will sound contradictory but from the beginning of Prabowo's leadership it seems that his vision is willing to disappear poverty by killing the poor.So I Dont Surprise anyway your choice."
cuma orang gila dan orang tolol yang dukung fufufafa,Only crazy people and fools who support Fufufafa
sebelumnya juga tunjukkn juga ayat al quran dan hadist yang membolehkan mendapatkan pekerjaan dengan cara menjilat jilat lobang bool prabowo,Previously also pointed out the verses of the Koran and the Hadith that allowed to get a job by licking the licking pit prabowo
jangan sampi preman berseragam ormas berbicara dan berbuat seenaknya. setelah kejadian pembakaran mobil masa mau dibiarkan.,Do not until the thugs in uniforms of mass organizations speak and do as they wish.After the burning of the car at the time of wanting to be left.
apa urusan preman campuri kebijakanurusan pemerintah. premansampah premanmusuhrakyat,What is the affairs of thugs to collide government policy.Premansampah Premanmusuhrakyat
dulu mertuanya ada petrus lha ini malah dipiara mohon maaf bpk,"In the old other in -laws there was Petrus, but I even apologized"
pco sengaja dibentuk oleh jokowi...sebuah jebakan yang menyulitkan prabowo.,PCO was deliberately formed by Jokowi ... a trap that made it difficult for Prabowo.
kalogak tar orang jabodetabek marah,Kalogak tar jabodetabek people are angry
lanjutkan kk perjuangannya semangat sehat sukses,Continue KK His struggle is a healthy spirit of success
grib manfaatnya buat rakyat apa? nyusahin iya,What are the benefits for the people?bothering yes
kacau,chaotic
banyak omong sikat aja. ngomong mulu,Just talk a lot.Talking first
bubar in udah terlalu buat resah rakyat.. masa kalah ama ormas.. anda punya senjata.. jangan pelihara ormas model gini..,disbanded in already too restless people .. the time to lose to the mass organization ... you have a weapon ... don't keep this organization model ..
ini yang hoaks... karena ini susunan pengurus sebelum prabowo resmi mundur dari grib.,This is what hoaks ... because this is the composition of the management before Prabowo officially resigned from Grib.
tpp bersama menteri desa,TPP together with the Minister of Village
ngeri hebat salut ats kekuasaan hercules pejabat berkuasa sprt kdm diancam mantan pejabat pak sutiyoso dihina negeri ini bkn negeri premankan? presiden indonesia berkuasa hari ini kau kn prabowo? tlg buat rakyatmu tak risau aksiprabowogantigibran aksiprabowogantigibran,"Horrified Great Salute Ats of Hercules The authority of the ruling officials SPRT KDM was threatened by former official Sutiyoso officially insulted by this country BKN State Premotians?The Indonesian president is in power today you are Prabowo?Tlg for your people, you don't worry about AksiprabowogantiGran AksiprabowogantiGran"
hukum mati para koruptor woy cupu amat jd orang,Death Law of Corruptors Woi Cupu is very people
sadar atau tidak sudah tahun indonesia gaduh tiada henti. semoga para tokoh bangsa yang masih punya hati nurani dan akal sehat bukan hanya bersuara tapi bertindak menghentikan kegaduhan yang tiada henti.,"Aware or not, the Indonesian year is noisy.Hopefully the national figures who still have conscience and common sense are not only voiced but act to stop the endless noise."
kok jokowi sih?,How come Jokowi?
buruh peringati may day di monas hari ini prabowo bakal hadir,Commemoration of May Day workers at Monas today Prabowo will be present
yang bikin rusak citra prabowo mulut pendukungnya seperti hercules ini !!!!,What makes the image of Prabowo's mouth is damaged like this Hercules !!!!
segala sesuatu disiapkan untuk menghadapi kejutan. sudah kali mangkir dr persidangan tanda yang nyata belum punya text naskah untuk dibaca di muka hakim. cara berargumen lemah. kalokpun lapor ke bareskim just say to my power bigger then u are,Everything is prepared to face a surprise.It's been absent from the trial that the real sign does not have a text text to read in front of the judge.How to argue weak.if you report to the bareskim just say to my power bigger then u are
inilah optimisme prabowo terkait swasembada pangan pada . swasembadapangan kedaulatanpangan,This is Prabowo's optimism related to food self -sufficiency in.self -sufficiency in sovereignty
pak herkulez spt nya cocok jadi pengganti hasan nasbi nih..,Mr. Herkulez like the suitable to be a substitute for Hasan Nasbi ...
ini lah pertarungan yang sesungguhnya akan membedakan diantara golongan kebaikan dan kejahatan,This is the real battle will distinguish between the Groups of Goodness and Crimes
oknum diduga makelar jabatan dan proyek di kemendes pdt dilapor ke kpkkemendesa bermasalah lagi. copotyandrisusanto,The person is suspected of being a position of position and project at the Ministry of PDT reported to the KPKKemendesa problematic again.Copotyandrisusanto
mgkn hal tsbt adlh statement blunder trberat k bliau sebagai orang kecil yang dengar dr luar pkerjaan bliau slama ini msh sgt baik bgmn gebrakn bliau mampu mnabrak dinding tebal untuk bgmn prcepat pmerataan fasilitas ksehatan dan sy yakin orang yang punya tmbok akn marah jk tmboknya drusak,"Maybe this is the statement of blunder, the fast blunder as a little person who hears from outside the work is still good at this time, so it is able"
pak coba bayangkan apbl rakyat membayangkan seperti ini..!,"Sir, try to imagine the APBL people imagine like this ..!"
iya bpk smua tolong disuarakan kebenaran sblm terlambat jangan smpai thn indonesia akan bubar indonesia mjdi indocina jangan smpai terjadi,"yes, bro, all please voice the truth, not late, not let this year of Indonesia will disperse Indonesia, IndoCina, don't get it to happen"
ko bisa pak jokowi yang dikirim kemauan pak jokowi atau pak prabowo ga pernah belajar dari pengalaman apa yang kirim.,how come Mr. Jokowi who was sent by the will of Mr. Jokowi or Pak Prabowo never learned from what experience he sent.
anda ini muridnya tifa dan roy surya ya.. ngeyel meski tahu hotel prodeo di tutup segala cara di tempuh untuk masuk ke dalamnya.. sumpah serapah anda menunjukkan sdm anda.. maaf ya sekolah kejar paket c masih buka bung..,"You are the students of Tifa and Roy Surya ... even though you know that the Prodeo hotel is closed, all means to get into it ... I swear you show your HR .. Sorry, the school pursues Package C is still open, man ..."
prabowo adalah ketua dewan pembina grib jaya dan mendapat dukungan politik dari mereka tapi tidak ada bukti dia terlibat langsung dalam aksi seperti penyegelan perusahaan. jokowi hanya punya hubungan pribadi dengan hercules pimpinan grib tanpa peran resmi.,Prabowo is the Chairperson of the Grib Jaya Board of Trustees and received political support from them but there was no evidence he was directly involved in actions such as the sealing of the company.Jokowi only has a personal relationship with Hercules led by Grib without an official role.
hadeeuuhhh baru kali ini,Hadeeuuhhh this time
memang benar perkiraan p prabowo th indonesia bubar.,It is true that the estimated Prabowo TH Indonesia was disbanded.
harus dibasmi dia karena tidak mendukung generasi emas dan bonus demografinya prabowo gibran,must be eradicated because he did not support the golden generation and his demographic bonus Prabowo Gibran
yang nyuruh ngerancang pelaku ngedukung pembunuhan km termasuk gama semoga allah hinakan di dunia akhirat.,"Those who told you to design the perpetrators to support the killing of KM, including Gama, may Allah Hinakan in the afterlife."
makasih,Thanks
dibagikan di acara danantara saja pak mbg nya sebelum turun ke anak sekolah kan efisiensi,"distributed at the event and alone Mr. MBG before going down to school children, the efficiency"
sy kira ormas yang buat kericuhan di bina oleh tni...krn polisi tidak berbuat atau menertipkan ormas ini ..,I think the mass organizations that make the riots are fostered by the TNI ... because the police did not do or tubes this mass organization ..
tapi rakyat makin miskin. yang ditunggu cuma makan gratis. ee.. yang dimakan basi pula.,But the people are getting poorer.The one who awaits is only free eating.ee .. that is eaten stale too.
ga ah negara ga kalah ama preman..... lhaaa negaranya udah jadi negara preman !,State land is not inferior to thugs ..... lh the country has become a thug state!
yang gak mau bersuara karena masih butuh jabatan..masih mau bersandar pada kebatilan...ayolah para cendekiawan ulama... tokoh..mahasiswa..kawal issu ijasah ini..biar jelas terang benderang...,"who do not want to speak because they still need a position ... still want to lean on the sleaze ... Come on, the scholars of the ulama ... characters ... students ..."
ntahlah sejak berkuasa siburik ini makin petantang petenteng sengaja dipiara atau bagaimana minceu,I don't know since this Siburik ruling is increasingly challenged in the mold in deliberately dipoara or how Minceu
diam kalau soal ini mah....,Silence if this problem ...
benci itu ternyata bikin goblok,hate it turns out to make a stupid
bubar beneran nih negara,Realize the country
logika yang sederhana dan solutif praktis dan pak gercep lah sekalian hapus tuh benalu di pemerintahan bapak,Simple and practical solutive logic and Mr. Gercep is all erased parasites in your government
saat taik taik nkri spt ormas tdb di hapuskan dari tanah ini..!,When Taik Taik NKRI like the TDB mass organization is eliminated from this land ..!
bukan hanya para cendekiawan saja tapi semua rakyat yang masih waras harus bersatu melawan kebohongan mulyono,"Not only scholars, but all people who are still sane must unite against Mulyono's lies"
bukan karena takut vasektomi nya ... tp karena pemerasan dan pemaksaan kepada rakyat ala preman dari kepala daerah ... padahal kewajiban negara untuk menghidupi rakyatnya itu tanpa syarat ...,not because of fear of his vasectomy ... but because of extortion and coercion to the people in the style of thugs from the regional head ... even though the state's obligation to support its people is unconditional ...
literasi anda sangat rendah.. ngopi agak jauh gie.. jangan hanya main game di kamar.. seolah sudah tahu segalanya..,Your literacy is very low ... coffee is a bit far gie ... don't just play games in the room ... as if you already know everything ..
kadrunwati mulaik panik,Kadrunwati Mulaik panicked
benar sekali bu dokter kebenaran hakiki ada di tangan cendekiawan yang bersuara bersama. bukan kebenaran mayoritas yang mudah terbawa angin tanpa arah karena para tokoh bangsa dan cendekiawan yang membisu dan bertapa di bukit menunggu keriuhan berhenti dibungkam ketakutan.,It is true that the doctors of the ultimate truth are in the hands of scholars who speak together.It is not the truth of the majority that is easily carried away by the wind without direction because the nation's leaders and scholars who are silent and meditate on the hill waiting for the hubbub to stop being silenced fear.
kalo prabowo berhalangan tetap apa jadinya negara ini?,If Prabowo is unable to remain what will happen to this country?
sangat busuk sampai baunya kecium pun msh ga mau ngaku,so rotten that the smell smells still still don't want to admit
versi prabowo kapan?,When is Prabowo version?
sekarang saatnya selamat kan keluarga masing karena sebentar lagi indonesia bubar itu lah yang dikatakan prabowo,Now is the time for survivors to each family because soon Indonesia is what Prabowo said
mudahan ini juga,I hope this too
musdesus pembentukan koperasi merah putih tppbersamamenteridesa,Musdesus Formation of the Red and White Cooperative TPPBersamamenteridesa
grib jaya didirikan oleh hercules rosario marcal bertujuan memajukan demokrasi dan kesejahteraan masyarakat. mereka aktif dalam mediasi sengketa pelatihan kerja dan dukung politik khususnya untuk prabowo subianto. namun grib kontroversial,"Grib Jaya was founded by Hercules Rosario Marcal aimed at advancing democracy and community welfare.They are active in mediation on job training disputes and political support, especially for Prabowo Subianto.But Grib is controversial"
tppbersamamenteridesa musdesus pembentukan koperasi merah putih tppbersamamenteridesa,TPPBersamamenteridesa Musdesus Formation of the Red and White Cooperative TPPBersamamenteridesa
cuma dikatakan bau tanah.. sudah bereaksi keras. prabowo dihina secara brutal kalian diam saja.,It's just said to be the smell of the ground ... already reacting loudly.Prabowo is insulted brutally you are silent.
padahal gweh mau bantu siapkan jawaban argumen alibi cerdas biar bisa bicara argument penuh determinasi n jalan tikus biar bisa cepat masuk bui,Even though I want to help prepare the answer to the smart alibi argument so that he can talk about the argument full of determination and the rat road so that it can quickly enter jail
anda gak kebagiankah.. sini aku bagi..,You don't get it .. here I share ..
kalau ada imigran timor leste yang menghina para purnawirawan tni kita yang sangat berjasa bagi nkri sebaiknya cabut kewarganegaraannya dan pulangkan ke tanah kelahirannya.,"If there is Timor Leste immigrants who insult our retired TNI who are very meritorious for the Republic of Indonesia, they should pull out their citizenship and return to their homeland."
preman sudah merasa paling berkuasa,Thugs already feel the most powerful
ini preman kreyak yang lu bekingin wok? cirinya titisan dajjal keknya sok ye banget.. presiden kok bestie ma preman.. oh ya emang dlu juga penjahat ham ya lu wokk.. najis,"Is this a creak thug that you want wok?The characteristics of the Antichrist Dajjal Kek are really pretentious ... the president is bestie ma thugs ... oh yeah, it's also a human rights criminal"
rwzim omon omon! pengangguran no di asean.kemiskinan meroket! halunya kebanyakan!,Omon omon regime!Unemployment No in ASEAN. Poverty skyrocketed!Most smooth!
prabowo panggil persatuan purnawirawan tni ad ke istana ada apa?,Prabowo calls the TNI AD Retirement Association to the Palace?
gak ada negara yang maju dan berhasil kalo ormas dibiarkan terus berkembang sudah saatnya membuat perpres dan membubarkan ormas sampai ke akarnya.,"There is no developed and successful country if the mass organizations are left to continue to develop, it's time to make the Perpres and dissolve mass organizations to the roots."
ini beneran indonesia???,this is really Indonesia ???
wah anda cerdas.,"Wow, you are smart."
harga emas gelondongan kayak gitu gak sama dengan harga emas logam mulia bersertifikat ya adickadick. kalopun itu emas murni paling kena di rb per gram harganya bisa kurang. kalo gak murni ya lebih murah lagi. jadi anggep kalau dia bisa jual itu paling dapet milyar,"The price of gold logs like that is not the same as the price of a certified precious metal gold, adickadick.Even if the pure gold is most hit in RB per gram, the price can be less.If it's not pure, it's even cheaper.so consider if he can sell it the most billion"
beliau sedang mengingatkan nddasmu itu mahal pakailah degan bijak.. nddasmu..,He is reminding your ndas is expensive to use it wisely ... your ndas ..
pasti guru agama anda sedih.. murid kesayangannya hanya bisa mengumpat..,Surely your religious teacher is sad .. his favorite student can only curse ..
entahlah mau bilang apa bangga aja kita masih waras bang.,"I don't know if we want to say what is proud we are still sane, sir."
pasti bangga iy kan apalagi bapak juta lapker yang bukan lagi corong masyarakat,"It must be proud, especially if the father of million lapker who is no longer the mouthpiece of the community"
setuju untuk dituntaskan lwt pengadilan biar rakyat indonesia tahu mana yang benar. sekelas institusi ugm sj tidak dipercaya bahkan aktivis yang tergabung dalam bem ugm yang selalu kritis ke pemerintahan jokowi jg tidak dipercaya apalagi kagama sebagai wadah para alumni ugm. mari jg persatuan,Agree to complete the court LWT so that the Indonesian people know what is true.The classmate of UGM SJ institutions is not trusted even activists who are members of BEM UGM who are always critical of the Jokowi government are also not trusted let alone Kagama as a forum for UGM alumni.Let's also unity
semoga sampai ke mereka berdua..,I hope they will be to both of them ..
wkwkwk lu punya masalah apa dg fpi bg pernah di grebek kah? beda jauh grib dg fp mah,"wkwkwk do you have a problem with FPI, have you ever been in grebek?Different Grib Dg Fp mah"
nhaa... ini kerjaanmu tahun ?,Nhaa ... is this your job?
menjilat siap pantat tifa.. maaf ya.. itu anda. saya mah tidak sorri ya..,Lick ready for Tifa's butt .. sorry .. that's you.I am not sorry huh ..
iya naik karena baru tarik utang mo naikin lagi ya ngutang lagi....hidup fufufafa hidup ketololan,"Yes, it goes up because I just pull the debt to go up again, yes, you owe it again ... Life Fufufafa Life Ketololan"
om om yang lg ada d posisi pemegang kekuasaan ngerti ga yang gini ginian? trlalu sibuk mikirin yang lain ya? yawda lah emg ga brharap apa dr klen wkwkw,"Om uncle who is in the position of the holder of power understands like this?too busy thinking about the others huh?yawda, it's not necessarily what from KLEN WKWKW"
tni polri dan pejabat negara yang tunduk pd preman adalah penghianat. apa prabowo mau melindungi preman ?,TNI Polri and state officials who are subject to thugs are traitors.Does Prabowo want to protect thugs?
kasih tau prabowo tegur itu herkules. dia itu ndak sadar posisi nya sebagai apa saya lebih percaya para jendral,Tell Prabowo Reprimand that Herkules.He is not aware of his position as I believe in the General more
sudah to.. anda belum faham.. bilang dong saya ajari..,already to .. you don't understand .. said please teach ..
kinerja?? emang dikasi tugas apa sm prabowo?,performance??What task is given by Prabowo?
negara preman. lantas ayahanda bagaimana caranya meyakinkan investor untuk masuk jk preman ternakan ayahanda tidak terkendali dan semakin beringas !?? sebaiknya kirim sj mereka ke santa cruz.,"thug state.Then father how to convince investors to enter JK thugs, the father of the father is uncontrollably and more violent! ??We recommend that you send them to Santa Cruz."
pemimpin cerminan rakyatnya !! rakyat indonesia sukanya memilih type gt jokowi prabowo gibran dedy mulyadi bahkan jika bahlil maju pun akan ikut dipilih,Leader Correction of the People !!The Indonesian people like to choose the type of GT Jokowi Prabowo Gibran Dedy Mulyadi even if even Bahlil will be elected to be elected
siap makzulkan pelindung maling..,Ready to make a thief protector ..
tidak diajari ibumu cara menghormati nenek cuuk.. cucu kurang adab yang keluar dari mulut pun hanya kotoran...,Not taught by Mother how to respect Cuki's grandmother ... Less grandson that comes out of the mouth is only dirt ...
serius? kalo ada petrus justru gerombolan jahiliyah duluan yang diberangus karena dianggap merongrong dan bikin gaduh republik.,"Serious?If there is Petrus, the gang of jahiliyah first was suppressed because it was considered to undermine and make a rowdy republic."
siap makzulkan .. pelindung maling..,Ready to make it ... a thief protector ..
hoax ituh... berita yang benar hanya dari jubir pemerintah...,Hoax that ... The correct news is only from the government spokesman ...
disarkasin aja ga ngerti tolol.,Just don't understand stupid.
preman ini utusan resmi,This thug is official messenger
rekam jejak tidak akan terhapus sampai di yaumil qiyamah.,The track record will not be erased up to Yaumil Qiyamah.
ini sandwich apa tulisan tugu di ikn?,This is a sandwich what is the writing of the monument in IKN?
wakaka.. skrg pengadilan pun ingin digiring menjadi pengadilan palsu.. giliran dimasukin pengadilan bawa nama tokoh negarawan cari simpatik.. apalagi ngaku aktivis.. wakakaka,wakaka .. now the court wants to be herded into a fake court .. turn to be included in the court carrying the name of the statesman looking for sympathetic .. especially confessing activists .. wakakaka
awokwokwokwok goblok pengen di lindungin juga ternyata kira ngebacot gede serasa kebal hukum,"Awokwokwokwok goblok wanted to protect it, it turned out to be a big thing"
kami memberikan dukungan penuh terhadap presiden prabowo subianto yang meminta direksi bumn yang malas untuk segera diganti. ini langkah sangat tepat dan diperlukan untuk memastikan bumn kita benarbenar dikelola secara profesional transparan dan akuntabel. sartono hutomo,We provide full support to President Prabowo Subianto who asked the BUMN directors who were lazy to be replaced immediately.This step is very appropriate and necessary to ensure our SOEs are truly managed professionally transparent and accountable.Sartono Hutomo
evaluasi besar kabinet merah putih prabowo siap umumkan reshuffle pada mei,Prabowo's Red and White Cabinet Evaluation Ready to Announce Reshuffle in May
ilmuan di tabok bu dr tifa,scientists in tabok bu dr tifa
macan lansia,Elderly Macan
yeayyyyy selamat pak prabowo,Yeayyyyy Congratulations Pak Prabowo
orang jakarta kaget ada soto perak seporsi,Jakarta people are surprised there is a soto silver serving
harus tegas pecat semua pejabat yang berafiliasi dg jokowi termasuk kapolri dan erik. disini jelas erik akan menghindar dari jeratan hukum. bngct...,It must be firmly fired that all officials affiliated with Jokowi including the National Police Chief and Erik.Here clearly Erik will avoid the bondage of the law.bngct ...
makasih pak cc,Thanks Mr. CC
jadilah panutan yang wajib dicontoh melihat carut marut negeri ini..!,Be a role model that must be emulated seeing chaotic this country ..!
mereka ahlinya ahli,They are experts
giliran di kasih hukuman tegas bilang pelanggaran ham,turn to be given a firm sentence say human rights violations
kenal gak kenal ya bodo amat sih kan kamunya kenal terus ngundang,"I don't know, it's really bodo, I know, I know"
siapa bilang prabowo periode ? lhaa wong elite gerindra aja bilang gibran jadi presiden.,Who said Prabowo period?Lhaa Wong Elite Gerindra said Gibran became president.
disini simantan itu dajjal gak bisa di tangkap belum waktunya.... tapi bakal langsung mati,"Here Simantan is the Antichrist, it can't be arrested not yet ... but it will die immediately"
kalo ga dibubarin sih nih ormas yang ada indonesia bakal bubar. investor luar dan dalam pada kabur ogah buka usaha di indonesia.,"If it is not broken down, the organization that has Indonesia will disperse.International and deep investors run away unwilling to open a business in Indonesia."
tppbersamamenteridesa musdesus pembentukan koperasi merah putih tppbersamamenteridesa,TPPBersamamenteridesa Musdesus Formation of the Red and White Cooperative TPPBersamamenteridesa
fpi hanya menggerebek tempat maksiat doang. kedai tuak diskotik tempat perjudian prostitusi.....nggak pernah grebeknutup pabrik....,FPI only raided immoral places.Discotheque wine shop where prostitution gambling ..... never closure the factory ....
kereta nya udah balik pak kayaknya gak mau perpanjang sewa,"The train has returned, sir, I don't want to extend the rent"
aamiin yaa rabbalaalamiin allahu akbar!!!,aamiin yaa rabbalaalamiin Allahu Akbar !!!
terutama ini yang semoga masih bisa diharapkan untuk bisa berpikir jernih nalar lurus. apalagi mereka berada dalam lingkar kekuasaan saat ini. berani ambil sikapkah kalian?!,"Especially this is what hopefully can still be expected to be able to think clearly straight reasoning.Moreover, they are in the current circle of power.Dare to take your attitude?!"
hercules sampahhh,Hercules Trash
udah dibuka kok tapi jt lapangan pekerjaannya buzzer semua,it's already opened but all the jobs are buzzer
prabowo kan alumni orde baru. coba sekali kali pakai cara cara orde baru urus mereka ini.,Prabowo is a new order alumni.Try once using the method of New Order. Take care of them.
mereka sudah hidup nyaman pasti lupa akan janjinya. beda lagi mereka lagi butuh rakyatnya pasti sangat antusias untuk cari pamor.,"They have lived comfortably, they will forget their promises.Different again they need the people must be very enthusiastic to find prestige."
sikat habis ormas preman. rakyat jabar tidak takut hercules dan kroconya,Brush the thugs.The people of West Java are not afraid of Hercules and his crockets
jangan sampe anda di gagalkan periode pak karna km rakyat menginginkan and dari maka kembalilah bapak presiden ku ke jangan sampe ibu pertiwi di hancurkan demi kerakusan keluarga pak kami percaya anda sangat cinta sama negara ini.tuntaskan semuanya pak,"Do not arrive at the time of the period, sir, because the people want and from, then come back to my president to not until the motherland is destroyed for the greed of the family, we believe you really love this country."
blunder dia... jang maeng deng raja jawa mulyono berat ada parcok disana bela mulyono,blunder him ... jang maeng with king jawa mulyono there is a lot of parcok there bea mulyono
goblog banget kamu apa hubungannya dg anies mereka rata rata pendukung prabowo sejak pilpres bukan seperti kamu buzzer bayaran mulyono ijasah palsu,You're really stupid what is the relationship with Anies they are on average supporters of Prabowo since the presidential election is not like you buzzer paid Mulyono fake diploma
menagih janji. noh rakyat lu banyak yang nganggur,"collect promise.No, many of your people are unemployed"
kalau ga ada gibran saya ga bakal pilih pak prabowo,if there is no gibran I won't choose Pak Prabowo
kkn noh si try sutrisno,KKN Noh Si Try Sutrisno
duileh itu jari kalo ngetik enak bgttt,Duileh is a finger if typing is really good
ada mulai curhat,There is starting to confide
tolong bubarkan ormas meresahkan.,Please disperse the mass organizations unsettling.
beratnya jadi prabowo selain dapat warisan hutang yang menggunung juga orang titipan,the weight is to be Prabowo besides getting a mounting debt inheritance as well as a deposit
harusnya fokus bekerja dan bertindak buat rakyat yang miskin menurut,should focus on working and acting for poor people according to
asli dah yang dibanggain dari prabowo gibran tuh apanya sih?,"The original is proud of Prabowo Gibran, what's up?"
musdesus pembentukan koperasi merah putih tppbersamamenteridesa tppbersamamenteridesa,Musdesus Formation of the Red and White Cooperative TPPBersamamenterida TPPBersamamenteridesa
prabowo subianto jadi presiden indonesia makin tambah ruet,Prabowo Subianto became the President of Indonesia more and more Ruet
jangan berharap banyak....sodara...!!!,Don't expect a lot .... Brother ... !!!
pasti .. itu spt bom waktu koq,definitely .. it's like a time bomb
yang turun herkules,who came down Herkules
bapak yang dtag terhormat diatas itu malah gk ada yang ribut mslh ijazah palsu. skrg jokowi kasusin orang gabut ini via jalur yang bener malah bengok minta dperhatiin. mbok cari circle temen tuh yang baik ajaa...,"The father who was honored above was instead there was no noise for fake diplomas.Now, Jokowi is a case of this gowl man via the right path even asking for memorization.mbok looking for a good circle friend ..."
semangat njing lebih giat lagi njilat nya,The spirit is even more active
aamiin.. lanjut doa baiknya..,aamiin .. continue the good prayer ..
berbagai cara ini yang nddak jelas bung kritik kok ngawur dengan memojokkan menghasut orang untuk melakukan hal yang sama membunuh karakter merendahkan anda pikir itu kritik? lebih tepatnya itu sakit jiwa narsistik personality disorder..npd,"These various ways are not clear, how come you are inconsequential by cornering people to do the same thing to kill the demeaning character you think it's criticism?more precisely it is a narcissistic mental illness personality disorder..npd"
semoga segera ada solusinya .. aamiin,hopefully there will be a solution soon .. aamiin
sudah jelas ijazah nya palsu tapi negara indonesia dibawah seperti melindungi.. kita orang indonesia harus punya malu.. sudah disebut negara koruptor.. lalu dibilang negara ijazah palsu.. bahkan indeks berpendidikan rendah..,It is clear that the diploma is fake but the Indonesian state is below like protecting ... we Indonesians must have shame ... already called a corrupt state ... then it is said that a fake diploma country ... even a low -educated index ..
mohon maaf ya kak apabila belum mendapatkan jawaban kami bantu follow up ya kak. atau kaka bisa dm kami untuk kami buatkan laporan,"Sorry, sis, if you haven't got the answer, we help follow up, sis.Or Kaka can DM us for us to make a report"
dia pdhl bau busuk badanny palsu,He smells fake body
demokrasi dan tupoksi kinerja ndasmu pemimpin yang tidak bisa memanage bawahan mk hsl kerja tidak benar,Democracy and Tupoksi Performance of Ndasmu Leaders who cannot manage subordinates MK HSL work is not true
prabowo bakal cepet lengser kalau dibiarkan seprti ini,Prabowo will be resolved quickly if left like this
pak mosok filipina lebih benyali makzulkan wapresnya bahkan bapak si wapres malah ditangkap padahal disana ga pernah ngaku ngacu macan asia loh tapi mereka lebih berani ketimbang negri yang bapak pimpin.,Pak Mosok Philippines is more alert to the vice president and even the vice president was arrested even though there had never admitted that it was racing the Asian tiger but they were bolder than the country that you lead.
militer janganlah urus demokrasi tanpa via jalur parpol ...,The military should not take care of democracy without via the political party channel ...
bukan fitnah nok..nok... tp memgajari lue biar jangan bego trus tuk dibohongi!!!!!!,not slander nok..nok ... to teach the cake so as not to be stupid then to be lied to !!!!!!
tunggu saja kehancuran negeri ini,Just wait for the destruction of this country
punya ijazah itu bukan aib tp kebanggaan. orang desa kalo anaknya lulus jadi sarjana ijazahnya dikasih bingkai dan dipajang didinding ruang tamu bukannya disembunyikan dan tak boleh dilihat orang. maju terus para pahlawan lawan kecongkakan,Having a diploma is not a disgrace but pride.The villagers if their children graduate become scholars of their diplomas given a frame and displayed on the living room wall instead of being hidden and should not be seen.move forward the heroes opponents
lagi ngebayangin otak divasektomi...,again imagine the brain divasectomy ...
bapak dan mas apa gak bisa menangani ini kah? colek mindra juga,Do you can't handle this?Mindra poke too
meledaknya nnt jt byr hutang pd bln juni,The explosion of NTT JT Pay Debt in June
alhamdulillah usaha tidak akan pernah mengkhianati hasil. semua pihak sudah mencurahkan tenaga dan pikiran sesuai instruksi dan arahan dari presiden prabowo subianto dan wapres gibran rakabuming raka indonesiaemas,"Alhamdulillah, the effort will never betray the results.All parties have devoted their energy and thoughts according to instructions and direction from President Prabowo Subianto and Vice President Gibran Rakabuming Raka IndonesiaMas"
kami menginginkan anda periode pak jangan sampe anda di makzulkan di nanti kami tidak rela pak. mulai melek pak tinggal thn lagi. thn depan udah gencar pasti pak sebelum itu siapkan la kuda yang kokoh pak.buat yang harus di buang.,"We want you, sir, don't arrive at you, we will not be willing, sir.Starting to literate, sir, just yr again.The next year's already aggressively sir before that prepare a sturdy horse sir. Make it must be discarded."
penampakan vee kyoshi...yg sebenarnya penghujat prabowo penjilat jokowi penikmat bokep...,Vee Kyoshi's sightings ... who are actually blasphemers Prabowo Jokowi's Porn Lovers ...
jenderal aja takut...ada di belakang,the general is afraid ... there is behind
begitulah kadrun.. dungunya gak kira. dikira ijazah sama dengan mayat hari pake tim inafis..,That's how Kadrun ... the dung doesn't think.thought the diploma is the same as the corpse of the day using the Inafis team ..
otak kriminal,Criminal brain
terlalu banyak manusia serakah di negeri ini ... dan mereka tersebar di seluruh sektor kehidupan ... yang sedikit di negeri ini adalah manusia jujur dan mengunjungi tinggi kehormatan diri ...,Too many greedy humans in this country ... and they are spread throughout the sector of life ... What is a little in this country is an honest man and visits high honor ...
memelihara preman spt memelihara anak macan atau ular beludak. aph cm bakal dikacangin. kan sudah terbukti toh mbl polisi aja dbakar.,Maintaining thugs such as maintaining tiger children or snakes.APH CM will be read out.It's been proven that the police just burned.
punya ijazah itu bukan aib tp kebanggaan. di desa kalo anaknya lulus jadi sarjana ijazahnya dilaminating dikasih bingkai dan dipajang didinding ruang tamu bukannya disembunyikan dan tak boleh dilihat orang. yang spt itu berarti palsu. maju terus para pahlawan.,Having a diploma is not a disgrace but pride.In the village if his child graduated as a diploma undergraduating scholar given a frame and on display on the living room wall instead of being hidden and should not be seen by people.What is like that means fake.Keep going the heroes.
yang bisa matiin atau nyuruh hercules bunuh diri hanya pak . sudah saatnya suruh hercules berhenti,who can turn off or tell hercules to commit suicide only sir.It's time to tell Hercules to stop
pecundang nasional penjahat kemanusiaan pelindung koruptor,national losers of humanitarian criminals protector corruptors
sebelumnya juga ada yang prediksi kalau prabowo menang pilpres preman akan merajalela dan terbukti,Previously there were also predictions that Prabowo won the presidential election of thugs would be rampant and proven
di tengah tuntutan pemakzulan gibran sejumlah purnawirawan tni temui presiden prabowo di istana,In the midst of the demands of the impeachment of Gibran a number of retired TNI meet President Prabowo at the Palace
...berita ini benar apa gimana...,... what is this news right ...
biarin aja mereka ngerumpi sendiri ke sesamanya gak ngaruh apa sih,let them just hud themselves to others not affect what
kita tunggu negara kalah oleh preman atau nggak. tempo hari melawan polisi dan bakar mobilnya mestinya dibubarkan tuh ormas. apa polisi dan tentara nggak cukup padahal gajinya tinggi,We wait for the country to lose by thugs or not.The other day against the police and burning his car should be dissolved by mass organizations.Is the police and army not enough even though the salary is high
wah ini kesempatan buat jualan peluru nih pak,"wow this is an opportunity for selling bullets, sir"
aku percaya karena tiap bangun indonesya cerah...,I believe because every time I build Indonesian bright ...
hercules sampai manyun manyun gitu...,Hercules until gross a lot like that ...
di tengah tuntutan pemakzulan gibran sejumlah purnawirawan tni ad temui presiden prabowo,In the midst of the demands of the impeachment of Gibran a number of retired TNI AD met President Prabowo
semua ini karena pembiaran dari presiden coba kalo dia keluarkan aturan..g akan berani tuh ormas,"All of this is because of omission from the president, try if he issued the rules ... g will dare"
tppbersamamenteridesa musdesus pembentukan koperasi merah putih tppbersamamenteridesa,TPPBersamamenteridesa Musdesus Formation of the Red and White Cooperative TPPBersamamenteridesa
oke? aku apresiasi kamu kalau mau call out orang ini sama buruknya dengan prabowo dan aku bisa ga suka mereka berdua tapi bukan berarti aku harus oppose semua kebijakan yang akan dibuat mereka berdua. kebijakan vasektomi ini kebijakan bagus selama bisa dilakukan secara efektif,Okay?I appreciate you if you want to call out this person as bad as Prabowo and I can not like them both but that does not mean I have to oppose all the policies that will be made by both of them.This vasectomy policy is a good policy as long as it can be carried out effectively
kelompok asbun bani lowbatt asal rt rw mmg asal gosip aja dg target pecah kongsi dan itulah satusatunya cara mrk melemahkan pemerintahan sahlegitimate yang lagi bekerja keras menuju indonesia emas. so calm aja,The Asbun Bani Lowbatt group from RT RW MMG from gossip only with the target of broken joint partnership and that is the only way to weaken the Sahlegitimate government who is working hard towards Indonesia gold.So just calm
sebelum ada bukti ya jangan percaya biar semua terbukti hitam di atas putih dulu.,"Before there is evidence, don't believe it so that everything is proven to be black and white first."
pasti diam karena udah enak jadi menteri.. lagi menikmati masa masa jadi presiden.. ga mungkin lah karena d jauh in pemerintah..,It must be silent because it's already good to be a minister ... I'm enjoying the period of being president ... it's not possible because it is far in the government ...
tolong preman ini jangan bikin gaduh,please do this thug don't make noise
tppbersamamenteridesa musdesus pembentukan koperasi merah putih tppbersamamenteridesa,TPPBersamamenteridesa Musdesus Formation of the Red and White Cooperative TPPBersamamenteridesa
ini beritanya,This is the news
pecah? apaan sih lebay.. hahaahaha,broken?what the heck is too much .. hahaahaha
di era prabowo semua institusi hancur sekelas tni yang dulu dipercaya rakyat sekarang juga sudah hancur...,In the Prabowo era all institutions were destroyed by the TNI class that used to be trusted by the people have now been destroyed ...
kata prabowo dia tak percaya survey survey karena hasil survey tergantung pesanan...,Prabowo said he did not believe the survey survey because the survey results depend on the order ...
yang menuduh ijazah jokowi palsu orangorang goblog diikuti orang orang tolol. prabowo yang kalah di pilpres kenapa tidak pernah mempermasalahkan ijazah jokowi. padahal jika memang ijazah jokowi palsu pasti jadi senjata di sidang mk waktu itu.,who accused Jokowi fake diplomas of the goblogs followed by stupid people.Prabowo who lost in the presidential election why never questioned Jokowi's diploma.Yet if indeed the fake Jokowi diploma would be a weapon at the Constitutional Court at that time.
kami rakyat biasa aj...jijik mlihat ormas berpakaian ala tentara..memalukn,we are just ordinary people ... disgusted seeing organizations in army -style dressed ...
ddh merasa betkuasa sampai mai menyerahkan rb orsng ..dan nyebut partai gerindra n nama pak prabowo.. kl sudah begini pemerintah harus bertindak,DDH feels like I feel until Mai handed over RB org ... and mentioning the Gerindra Party n the name of Pak Prabowo ... if it's like this the government must act
kenapa ya anis yang minjem duit bank dki milyar untuk nalangi formula e belum jadi tersangka? pilih kasih banget hukum,Why is Anis who borrowed DKI Billion Bank money for formula E not yet a suspect?really favorites
ini karena pemerintah memberi ruang dan lemah dalam menindak premanisme atau mungkin memang d jadikan alat kekuasaan,This is because the government gives space and is weak in cracking down on thuggery or maybe it is a means of power
sekarang gw yakin kalau itu masuk ke dalam pemerintah untuk mengawasi biar pemerintah tidak bablas karna mengontrol dari dalam bakal lebih gampang dari pada jadi oposisi.lanjuttkan perjuangan mu bg thn vs thn gw pikir prabowo yang nga sabar ternyata ente juga.,Now I am sure that if it goes into the government to supervise so that the government does not bablas because controlling from within will be easier than being an opposition.
kalo prabowo menurutmu sudah berhasil ter? iq nya tinggi lho..,if you think Prabowo has been successful?IQ is tall you know ...
apakah tidak lebih baik beras disimpan dalam bentuk padi dengan menggunakan silo yang ditempatkan disetiap kabupatenkecamatan untuk ketahanan pangan karena jika beras disimpan didalam silo bisa bertahan lebih dari tahun,Is no better rice stored in the form of rice using silo which is placed in each district district for food security because if rice is stored in the silo it can last more than the year
karena pendukungnya dia kebanyakan ormas artis mata duitan dan masyarakat yang hak suaranya seharga bansos sembako,Because his supporters are mostly mass organizations of money artists and people whose votes are for the bansos of the food bansos
warga abah ke pengen abah jadi wapres mimpi dan halusinasi saja bila presidennya prabowo tidak mungkin terjadi wakil nya menilai prabowo saja dari nilai .. menyakitkan,Abah residents to want to become a dream vice president and hallucinations if the president Prabowo is not possible for his representative to judge Prabowo from the value ... painful
kereeeennnn pesona indonesia bravo pak sama elu jg dek,KEREEEENNNN PESONA INDONESIA BRAVO PAK SAME ELU JG DEK
halooo yang ngakunya jendral prajurit sajati .. anda kok diam saja ketika ada preman menghina para jendral.. atau hercules itu binaan anda ??,"Hello, who said that the General Sales of Sales ... you really stay quiet when there are thugs insulting the generals ... or Hercules is your fostered ??"
punya ijazah itu bukan aib tp kebanggaan. di desa kalo anaknya lulus jadi sarjana ijazahnya dilaminating dikasih bingkai dan dipajang didinding ruang tamu bukannya disembunyikan dan tak boleh dilihat orang. yang spt itu berarti palsu,Having a diploma is not a disgrace but pride.In the village if his child graduated as a diploma undergraduating scholar given a frame and on display on the living room wall instead of being hidden and should not be seen by people.which is like that means fake
sampah masyarakat,scumbag
dan anjing ini dipiara prabowo indonesia gelap gulita,And this dog is published by Prabowo Indonesia
pilpres itu paket bukan hanya milih presiden wakilnya tapi juga milih menterinya panglima tni kapolrinya. sedangkan ormas itu peliharaanya jadi bersyukurlah kalian semua punya presiden prabowo wakil presiden gibran indonesia bangga,The presidential election is not only voting for the president of his deputy but also chooses the minister of the TNI Commander.while the mass organization is to be thankful that you all have president Prabowo Vice President Gibran Indonesia is proud
inilah hasil bersekutu dengan islam dan menyerang israel kristen dan yahudi. indonesia diserang habishabisan.,This is the result of allied with Islam and attacks the Christian and Jewish Israel.Indonesia was attacked completely.
herannya prabowo ko diam saja,"Amazingly, Prabowo Ko said nothing"
tidak ada tempat ormas preman di indonesia ini,There is no place for thugs in Indonesia
dah ga ada harga diri,already no self -esteem
kalo majunya gibran ngakali konstitusi lewat mk ya coba aja lg ngakali lengeserkan gibran lwt mk ... ayo maju usaha dong jangan cuap aja ...,"if the advance of Gibran does not take the constitution through the MK, just try it again, it will be diluted by the gibran mk ... let's go ahead, don't just make it ..."
bebas ni bebas ni? takut bet pidato doang direkam media. macan ompong koarkoar kayak gini ya?,this free is this free?Afraid that the speech is recorded by the media.Koarkoar toothless tiger like this huh?
gua kalau jadi cewe gua tau al cakep tajir keren perfect lah pokoknya tapi kalau tau mertua gua ahmad dhani gua skip anjir mending nunggu mati dulu tu orang btw ini juga memperjelas tweet budiman sudjatmiko kenapa syarat dukung prabowo itu harus bodoh,"If I become a girl, I know that Al Saucy is a cool tajir, the point is, but if you know that my in -laws are Ahmad Dhani, I have skip it, you better wait to die first, this person is also clarifying the Budjatmiko tweet, why the requirements for Prabowo's support must be stupid"
hati dg orang ini...bsa menusuk dr depan dan belakang,heart with this person ... can stab from the front and back
duh ini orang gak paham. palsu atau tidak palsu dibuktikan nanti di pengadilan. bukan didepan penyidik kepolisian. masih gak paham juga ? punya ijazah itu bukan aib tp membanggakan. dikampung anaknya punya ijazah dilaminating dikasih bingkai dipajang diruang tamu.,"Duh, this person doesn't understand.Fake or not fake proven later in court.not in front of police investigators.still don't understand either?Having a diploma is not a disgrace but proud.In the village, his child has a laminating diploma given a frame on display in the guest room."
negara apa ini pak ormas lebih sakti drpd polisi sama tni? masa diem aja sih bapak bapak,"What country is this more powerful mass organization than the police with the TNI?just stay quiet, sir"
tapi yaa lets see harusnya dikaji dulu. apa pros cons nya biar ga asal ceplos program tapi pelaksanaannya kacaaw kaya mbg nya prabowo yang jelek itu,But yes Let's See should be examined first.What is the pros cons so that it doesn't just go to the program but the implementation is like Prabowo's ugly mbg.
emang ini permainan jokowi apa salah nya melihatkan ijazah asli beres knp sampai menunggu heboh begini. dan perkara ini bisa berimbas ke pemerintahan prabowo jika rakyat muak bisa timbul kasus thn kedua kali nya,"This is the game of Jokowi what's wrong with seeing the original diploma, KNP until waiting for this excitement.And this case could impact the Prabowo government if the people were fed up could arise the second year"
kok makin banyak persh besar yang tutup ?? ind baik saja itu liat darimana ??,"how come more and more large companies are closed ??Indah is good, where do you see it ??"
rapat koordinasi opd kalsel mendukung tppbersamamenteridesa mengawal musdesus pembentukan koperasi merah putih tppbersamamenteridesa,The South Kalimantan OPD Coordination Meeting supports TPPBersamamedaSesa to oversee the Musdesus Formation
knpa realisasi dan kenyataannya jauh beda dr apa yang disampaikan karena msh banyaknya loyalis mvlyono yang msh bercokol yang setengah hati menterjemahkan perintah presden,why the realization and the reality are much different from what was conveyed because of the many MVlyono loyalists who were still entrenched who were half -hearted translating the president's command
kenapa diam saja ketika hercules menghina purnawirawan tni. apakah kalian takut ??? tangkap hercules....!!!!,Why was silent when Hercules insulted the TNI Retired Retired.Are you scared ???Catch Hercules .... !!!!
benerkah ini pak ?,Is this really sir?
grib peliharaan wowo. wowo di kebiri hercules yang bantu. mana mau dia usir atau musnahkan cules. di gertak hengki balik takut,Grib Grib Pet Wowo.Wowo in the happiness of Hercules.Where do he want to expel or destroy cules.in a bluff hengki was afraid
musdesus bersama tpp sukses pembentukan koperasi merah putih tppbersamamenteridesa,Musdesus with TPP Successful Formation of the Red and White Cooperative TPPBersamamenteridesa
mewek knapa ? panik knapa ? biasa aja. kepalsuannya bisa dibuktikan kok panik mewek lu kali yang panik dan mewek.,why?panicked why?Just the same.His falsehood can be proven how panicked you are panicked and mieking.
tapi kan indonesia baik saja dan cerah kan ya mas ?,"But is Indonesia, right and bright, right?"
padahal pak tri mantan panglima pak sutiyoso mantan wadanjen pangdam gubernur. si hercules cuman meras orang. tapi di lindungi prabowo. semoga ada uu bubarkan ormas dan aktifkan petrus biat modar semua preman dan bubar pp grib psht dan lain. cuman kroyokan,Even though Mr. Tri former Commander Pak Sutiyoso former Wadanjen Military Commander Governor.The Hercules just felt people.But protected by Prabowo.Hopefully there is a law to disperse mass organizations and activate Peter Biat Modar Modar all thugs and disband PP Grib Grib PSHT and others.Just a kroyokan
mantap.....,Excellent.....
halo dan . angka kemiskinan world bank . dan bps . keduanya benar tapi pakai standar berbeda. world bank gunakan garis kemiskinan .hari untuk negara berpenghasilan menengahatas sementara bps pakai .hari berdasarkan,Hello and.World Bank poverty rate.and BPS.Both are true but use different standards.World Bank uses poverty lines. days for middle -income countries while BPS uses.
pak presiden harus liat shooting film action ini,The President must see this action film shooting
ah knapa panik? orang main catur kalau raja sudah bergerak itu artinya keadaan sudah genting sebentar lagi rubuh....paham kau,Ah why panic?people play chess when the king has moved it means that the situation is precarious soon again ... you understand
musdesus pembentukan koperasi merah putih tppbersamamentridesa,Musdesus Formation of the Red and White Cooperative TPPBersamentridesa
lu tau arti buzzer gasi? dimana letak kebuzzeran gua ?,Do you know the meaning of a buzzer?Where is my kebuzzeran?
prabowo belum teken surat pengunduran diri hasan nasbi dari kepala pco,Prabowo hasn't signed Hasan Nasbi's resignation letter from the Head of PCO
mboh lah...,mboh lah ...
halo dan pak mana nih yang bener? please help,Hello and which sir is right?Please help
hercules lebih hebat dari presiden,Hercules is greater than the President
prabowo omon bae,Prabowo Omon Bae
rapat koordinasi opd provinsi kalsel mendukung tppbersamamenteridesa musdesus pembentukan koperasi merah putih tppbersamamenteridesa,"The South Kalimantan Provincial OPD Coordination Meeting supports TPPBersamameda Musdesus, the formation of the Red and White Cooperative TPPBersamamenteridesa"
musdesus pembentukan koperasi merah putih tppbersamamenteridesa,Musdesus Formation of the Red and White Cooperative TPPBersamamenteridesa
aing blok ajiggg kesel bangett,Aing Block Ajiggg is really frustrated
trs saja begini tunggu hingga benar rakyat meledak dan pihak langit menghukum,"Trs just like this, wait for the people to explode and the sky is punished"
ayolah pak,Come on sir
inilah republik koplak.. kdm gubenur jabar kader partai gerindra ketuanya prabowo hercules ketua grib dengan ketua dewan pembinanya prabowo.. anak buah prabowo saling gontokan lucu banget.. jangan ini pengalihan kasus kayak pagar laut pertamina dll yang senyap dan lenyap,This is the Republic of Koplak .. KDM Governor of West Java Governor Gerindra Party Cadre Prabowo Hercules Gribes with the Chairman of the Board of Trustees Prabowo .. Prabowo's men are very funny ... don't transfer cases like Pertamina Sea Fences etc.
ada yang pegang remote,some hold the remote
raktyat matamu,your eyes
yang namanya punya ijazah itu bukan aib itu adalah hal membanggakan. wajar dipamerkan bukan malah disembunyikan dan dilaporkan sebagai pelanggaran ham. semakin dekat waktunya kau masuk bui jok,"whose name has a diploma that is not a disgrace is a proud thing.Naturally, exhibited instead of being hidden and reported as a violation of human rights.the closer time you enter the seat jail"
negara ini mulai dari jalanan pasar terminal pabrik dll sudah dikuasai preman. bahkan dimari beberapa titik vital dijadikan zona merah untuk bang ojol yang kerja halal. kalau berani naikkan penumpang di zona tersebut akan dipalak mulai kk ma preman.,"This country ranging from the streets of the factory terminal market etc. has been controlled by thugs.In fact, some vital points are used as a red zone for bang ojol that works halal.If you dare to raise passengers in the zone, you will be treated starting from the thugs."
harusnya naik maung bersama prabowo,Supposed to ride Maung with Prabowo
masihkah pak diam saja melihat tingkah laku preman yang dibungkus baju ormas ? menghina purnawirawan tni sama dengan menghina nkri. negara tidak boleh kalah dengan premanisme.,Is it still silent to see the behavior of the thugs wrapped in mass organizations?insulting the TNI retired is the same as insulting the Republic of Indonesia.The state should not be outdone by thuggery.
gmna ni prabowo masa kayak gini mau di diemin aja?,"how about this prabowo like this, just want to be kept up?"
mantaaappp,mantaaappp
para tppbersamamenteridesa perlunya fasilitasi musdesus pembentukan koperasi merah putih tppbersamamenteridesa,The TPPBersamamentercasis The need for facilitation of Musdesus Formation of the Red and White Cooperative TPPBersamamenteridesa
kalo grib kan jelas diakuin kalo ketua dewan pembinanya bapak prabowo subianto.. orang no di republik ini.. mau gimana lagi ?,"If Grib is clearly recognized if the Chairman of the Board of Trustees, Mr. Prabowo Subianto ... people number in this republic ... what else can I do?"
lihat pak kerjaan asn selama ini karena tidak ada aturan yang tegas.,See ASN's work so far because there are no strict rules.
kenapa diem ajh,Why are you all
setau gw cuma prabowo yang kerja. suruh jelaskan puas dengan kerjanya samsul dibidang apa. kalo bagi bagi susu ya pasti . diluar itu coba jelasin kerja apa kalo gak mau dibilang cuma makan gaji buta,"As far as I know, Prabowo is just working.Tell to explain satisfied with Samsul's work in what field.if for milk, for sure.Beyond that try to explain what work if you don't want to be said to just eat blind salary"
itu zer sudah di program twit hal buruk ttg dengan target pecah kongsi para bagundal otak seupil. dikira dan akan terpengaruh kaciannnn. jd semua pendukung tetap kompak dan maju terus,That Zee has been in a bad tweet program about the target of the broken confusing of the Bagundal Bagundal Seupil.thought and will be affected by Kaciannnn.so all supporters remain compact and move forward
padahal pernah ada video pak prabowo bilang kalau beliau paling ditakuti oleh preman. eh pas beliau jadi presiden justru...,"Even though there was a video of Pak Prabowo said that he was the most feared by thugs.Eh, when he became president, precisely ..."
betul mari kita injek injek kelas menengah dengan dibebani berbagai macam icikiwir biar bisa biayain orang beranak sampe,"That's right, we are injecting the middle class in taxation with a variety of icikiwir so that we can pay for people"
merasa dekat dengan dan di ksh panggung istimewa,Feeling close to Dan in KSH Special Stage
tppbersamamenteridesa musdesus pembentukan koperasi merah putih tppbersamamenteridesa,TPPBersamamenteridesa Musdesus Formation of the Red and White Cooperative TPPBersamamenteridesa
virus jokowi memang susah dihilangkan,Jokowi's virus is difficult to remove
cetak sejarah hy di era preman merasa berkuasa!,Print History HY in the era of thugs feel powerful!
bi ooo bi woy gemoy di cariin tuh,bi ooo bi woy gemoy in search
harusnya odong ini dibeli aja buat pajangan di ikn bro spy idul adha banyak turis dan msyarakat pengunjung sampai jt orang ingin meliat kereta kencana neraka tanpa roda.,"This Odong should be purchased for a display at Ikn Bro Spy Eid al -Adha, many tourists and visitors to JT people want to see the hell's chariot without wheels."
tangkap dan adili si kerempeng,Catch and Adili the Tempeng
menjaga asa aje luh,Keeping Aje Luh
karena nafsu syahwat berkuasa prabowo yang ugal ugalan dia berani mengorbankan masa depan bangsa dan negara untuk mencapai cita cita nya untuk berkuasa jadi presiden indonesia,Because the lust of the righteous lust of Prabowo who is reckless he dares to sacrifice the future of the nation and state to achieve his goals to rule to become president of Indonesia
gmn ga makin eksis wong pasukan elitnya aja selfie ama gembong preman..da ga ketolong.,"how come it doesn't exist increasingly exist, the elite troops are just selfie and the thug kingpin ... it doesn't help."
top markotop bang,Top Markotop Bang
bang ucok kopasus turun bang prabowo beserta aparat dibawahnya cuma diam melihat purnawiran kopasus dihina dinakan oleh preman hercules.,Bang Ucok Kopasus went down Bang Prabowo along with the authorities under him just silent seeing the retired Kopasus was insulted by thugs Hercules.
yang jadi pertanyaan kenapa diem,the question why is it silent
may day bukan hanya turun ke jalan tapi juga saling menghargai antar sesama pekerja maydaybermartabat,May Day not only took to the streets but also respect each other among fellow workers MaydayBababat
kebiasaan pendukung mulyono kalo kalah argumen langsung menghujat merendahkan kalo tidak ya laporan ke polisi saran gw sih mending diem biar gk keliatan nganu nya.....,"Mulyono's supporting habits if you lose the argument immediately blaspheme if not, report to the police, my advice is better to stay quiet so that it doesn't look like it ....."
gk takut sama azab y pak allah mboten tidur...,not afraid of the punishment yak Allah mboten sleeping ...
nurmantyo ini lucu. hercules itu anak buahnya prabowo. ngapai ngamok ke hercules? harusnya ngomong ke prabowo. hei prabowo anak buahmu si hercules sudah lancang bicara seenaknya ditindak itu! begitu harusnya. lah ini ngomong ke preman bawaannya preman memang sudah begitu.,"Nurmantyo is funny.Hercules is Prabowo's men.reach to hercules?Should be talking to Prabowo.Hey Prabowo, your subordinates, Hercules, have been presumptuous in the arbitrarilyso should.This is talking to the default thugs, thugs are already like that."
kalian itu tau diri ingin memakzulkan gibran yang satu paket dengan prabowo yang dipilih oleh rakyat.,"You know yourself want to impeach Gibran, which is a package with Prabowo chosen by the people."
sejak pasangan prabowo gibran berjanji akan menyediakan jt pengangguran ech lowongan kerja maksudnya,Since the pair Prabowo Gibran has promised to provide unemployment JT Job Vacancies
gimana ceritanya itu . kok utang tersembunyinya saja x lebig besar dari utang sby,How is the story.How come the debt is hidden X is bigger than SBY's debt
aksi may day damai cara jitu anak muda bawa perubahan tanpa ngelakuin aksi nekat maydaybermartabat,the action of May Day Peaceful Way of Young People Bring Changes Without Takeing Reckless Action MaydayBartabat
bebas milih apa saja asal jangan prabowo gibran,free to choose anything as long as you don't Prabowo Gibran
ada yang pernah dihajar prabowo muda sampai mencret saat di pendidikan. ... hmmm.. ... pantesan aa mengail di air keruh. ... ada yang ingin punya panggung sendiri ... terlalu pagi ferguso !,Some have ever been beaten by young Prabowo to diarrhea while in education.... hmmm ... ... Pantesan Aa is rolling in turbid water.... Anyone want to have their own stage ... Ferguso too early!
apa yang dipikirkan dirasakan oleh ketum bpk saat brinteraksi dengan dunia internasional jika telah menonton menyimak berita ini..? a. malu b. takut c. biasa saja d. e g p,What is thought by the Chairperson of BPK when interacting with the international world if you have watched listening to this news ..?a.Shame b.scared c.Just ordinary d.E G P.
anak buah saya hampir ribu di jawa barat dukung dedi mulyadi jadi gubernur karena kendaraannya partai gerindra karena presiden kita pak prabowo. kami kerja dukung tidak ada yang membayar kami ucapnya. gak mungkin gratislah,"My subordinates are almost thousand in West Java, supporting Dedi Mulyadi to be the governor because his vehicle is the Gerindra Party because our president Pak Prabowo.We work to support no one paying for us he said.impossible free"
bukan polos emang nyatanya begitu si mul duitnya ga banyak dia menang karena brandingnya dia kuat kalau emang gara amplopbansos menang harusnya prabowo dari dulu menang atau ganjar yang disokong pdip menang juga yang uangnya lebih banyak tapi nyatanya apa?? tetap kalah,"not innocent, in fact, so the Mul money doesn't win much because he is strong if he is really because of the envelope of winning, Prabowo should have always won or Ganjar who was supported by PDIP wins too, but what is the money but in fact ??still lose"
koq diam saja?????,How come you're quiet ?????
prabowo seperti hitler akankah melakukan pembersihan di semua sisi dan menggerakan semua preman jalanan nya untuk pengendalian penuh negara ini,Prabowo like Hitler will do cleaning on all sides and move all his street thugs for the full control of this country
langkah kecil menuju perubahan besar aksi may day damai inspirasi buat semua maydaybermartabat,small steps towards the major changes in the action of May Day Inspiration for all maydaybabatabat
justru kalau tidak terungkap ijazah jokowi asli atau palsu... indonesia semakin malu di dunia internasional anda sepertinya lbh menjaga harga diri jokowi dari pada harga diri bgs n negara. jokowi ini benarbenar bahaya siapapun yang bela dia otomatis bego,"In fact, if it is not revealed by a diploma Jokowi is original or fake ... Indonesia is increasingly embarrassed in the international world you seem to be more pricking in Jokowi's self -esteem from the pride of BGS n the country.Jokowi is truly the danger of anyone who defended him automatically stupid"
berarti prabowo masih boneka mukidi,means Prabowo is still a mukidi doll
ayo pak dukung pemerintah dan tni membubarkan ormas preman pak prabowo sepertinya kurang tegas sama ormas satu ini musti cepet digulung ini ormas dan anggota premannya.,"Come on, the supporting government and the TNI dissolved the CSOs of Pak Prabowo's thugs seemed to be less firm with this one organization, this one had to be rolled up quickly and the members of the premetic."
ganggu investasi tapi masih di pelihara aje itu preman nyamar ormas gak ada beda itu preman sm pemerintahnya. sama maling uang rakyat dan meresahkan,disturbing investment but still in the maintenance of the thugs in the CSO there is no difference that the thugs will be the government.the same thieves in public money and disturbing
jangan bikin gaduh om..masarakat jabar cerdas ..kenapa om ada di jabar karna ada ikan,"don't make noise, uncle ... West Java is smart ... why is it in West Java because there are fish"
kenapa harus pemerintah yang memberi? bukan rakyat nya sendiri. kamu saja jd gubpresiden yen ga mampu meh di opo?,"Why does the government give?not the people themselves.You're just the Governor of Governor Yen, unable to meh in Opo?"
kadrun itu pendukung prabowo jd kalo ngomong ngaca,Kadrun is a supporter of Prabowo so if you talk about reading
yth. pa kader .. trnyata untuk melihat prtunjukan sipil bersenjata laras panjang itu tidak hrs jauh pergi ke jalur gaza..!! cc prof prof,Dear.Pak cadre ... apparently to see the long -barreled civilian show not must be far away to the Gaza Strip .. !!CC Prof. Prof.
pak kira pendapat nya gmn dg statement ini... ga perlu ke antartika kyknya...,"sir, how about this opinion with this statement ... no need to go to the antartika ..."
saya gk mslah dengan kucing. cm pernah pny pengalaman jelek dengan cat lover edan. nyewa rmh bawa kucing byk. bgitu kelar nyewa kotoran kucing nemplok banyak di kasur sofa. blm lagi bau amonia dr kencing kucing. buset dah bkn bersihin rumah lagi tapi nguras rumah jadinya.,"I don't know with a cat.cm never had an ugly experience with crazy paint lover.Rent RMH Bring a cat.So finished renting a lot of cat dirt on the sofa mattress.Not yet the smell of ammonia from peeing cats.busey, not clean the house again but drain the house."
balada ijazah jokowi,Jokowi's diploma ballad
piye kabare wo .. phenak jamanku tho? preman tak habisi tak sukabumiken heuheu,Piye Kabare Wo .. PHENAK My era tho?Thugs Tak Kabisi Not Sukabumiken Heuheu
gamau aku disamakan dengan prabowo,Gamau I was equated with Prabowo
oke gw udah mulai menerima program mbg yang ga jelas ini. tapi boleh ga pak bare minimumnya itu bergizi bukan tidak keracunan?????? brtanya dengan nada nada cinta,"Okay, I've started to accept this unclear MBG program.But may the minimum sir bare be nutritious, not poisoning ??????the tone of love"
wahai ketum bp mau dibawa kmn indonesia..?? msh sanggupkah memimpin negeri ini..?? cc prof prof,"O Chairperson BP, where do you want to take Indonesia ... ??still able to lead this country .. ??CC Prof. Prof."
tuh pak harus itu,tuh sir
bukan berarti dia boleh semenamena terhadap masyarakat dan melindunginya. preman ini harus dihentikan sepak terjangnya with or witthout prabowo.,Not that he may be a moment of life against the community and protect him.This thug must be stopped by his actions with Prabowo.
pengamat prabowo hadirkan empati nyata bagi pekerja di hari buruh,Observer Prabowo presents a real empathy for workers on Labor Day
gerindra? gerakan preman indonesia? goblok emang rakyat jelata? nikmati derita dan sengsara terjajah tahun ke depan? mau diperpanjang lagi silahkan nikmati?,Gerindra?Indonesian thug movement?Is it a stupid people?Enjoy the suffering and misery of being colonized in the next year?want to be extended again please enjoy?
gw bukan pendukung anies justru program prabowo bukan lagi ngawang malah bacot dewa seperti mbg dan progam lainya hilirisasi dan dari awal debat gak ada isinya apalagi teknisnya lantas dmn taktisnya cmn bacot dewa sepertinya lo termasuk bipolar bro?,"I am not a supporter of Anies, the Prabowo program is no longer a ngawang instead of a god like MBG and other programs downstream and from the beginning the debate there is no contents, especially the technical and then the tactical dmn cmn bacot god seems to be a bipolar bro?"
just stop selain incel gw juga benci classist. both kills minorities at some extent you all are fucking dumb. banyak alternatif kebijakan buat ngurangin kemiskinan tapi lu pilih vasektomi? ini mah kayak pilih mbg buat mengurangi gizi buruk. dan lu pada benci prabowo? how cute.,Just Stop Besides Incel I also hate classists.both kills minorities at some extent you all are fucking dumb.Many alternative policies to reduce poverty but you choose vasectomy?This is like choosing MBG to reduce malnutrition.And you hate Prabowo?how cute.
emang,indeed
sepertinya narasi semacam ini memang bisa jadi bahan untuk disalah artikan bisa dimanfaatkan buzzer pro prabowosimply mereka yang anti pergerakan indonesia gerak,It seems that this kind of narrative can indeed be a material to be misused can be used by their Prabowosimply buzzer pro who is anti -Indonesian movement movement
grib peliharaan lu meresahkan nih wahai presiden indonesia karena dipelihara pejabat negara jd se enak nye aje nyegel ormas macem apa more like sampah masyarakat. itu aparat segitu banyak cm makan gaji buta ? hancur negara di pimpin kalian,"Your pet grib is troubling, O Indonesian president because it is maintained by state officials so it's good to tackle the mass organizations or more like community waste.Is that a lot of apparatus to eat blind salary?Destroyed by the country led by you"
may day damai bukan cuma soal demonstrasi tapi ajang kasih contoh buat generasi berikutnya maydaybermartabat,May Day Peace is not just a matter of demonstrations but a place to give an example for the next generation maydaybermartabat
pantang kendor yang dilakukan forum purnawirawan tni demi membela konstitusi ri melawan nepotisme yang diselundupkan ke dalam uu pemilu pasal q no forum purnawirawan tni ad bem si bem ui dpr ri mpr ri kejaksaan ri prabowo subianto sumber youtube,Overlabilized by the TNI Retirement Forum in order to defend the Indonesian Constitution against Nepotism which is smuggled into the Election Law Article Q No. Retired TNI Forum BEM SI BEM UI DPR MPR RI RI Prosecutor's Office Prabowo Subianto Source YouTube Source
dikit prabowo dikit prabowo raimu asuuu cuk !!,A little Prabowo a little Prabowo Raimu Asuuu Cuk !!
karya pak,Sir's work
balas jasa tau sndiri lah,reply to the services know yourself
data per april artinya di masa pemerintahannya pak periode ke . sekarang per oktober pemerintahan pak kondisi sudah baik baik saja. ekonomi meroket dan penganggaran berkurang kemiskinan menurun. bismillah komisaris,"Data as of April means that during his reign, sir, period to the period.Now as of October the government, the condition is fine.The economy skyrocketed and decreased poverty decreased poverty.Bismillah Commissioner"
waktunya kreatif di may day suarakan pendapatmu lewat aksi damai yang beda dari yang lain maydaybermartabat,time creative in may day of your opinion through a peaceful action that is different from the others maydaybermartabat
lah??? si hercules kan sama orangnya mul,lah ???The Hercules are the same as Mul
prabowo panggil persatuan purnawirawan tni ad ke istana ada apa?,Prabowo calls the TNI AD Retirement Association to the Palace?
denger nih hercules ..!! cukup muka kau aja yang jelek kelakuan dan mulut kau jagan ikutan busuk..!! tolong jangan melindungi dan mau jadi bemper preman kampung seperti hercules ini mobil polisi di bakar purn. tni dihina,"Listen, Hercules .. !!Enough your face is ugly behavior and your mouth is not yet rotten ... !!Please don't protect and want to be a village thug bumper like Hercules, this police car is burned.TNI is insulted"
kok tau yang dimaksud presiden pelanggar ham itu prabowo kan bisa aja yang dimaksud jokowi mana pake ai lagi buat ginian,"How do you know what the president is meant by human rights violators is Prabowo, which is what Jokowi is meant by using AI again for this"
hercules lupa kalau dulu dia pernah ditaklukkan wong cerbon akhirnya masuk islam dibuntet sekarang mau lawan jawa barat,"Hercules forgot that he had been defeated by Wong Cerbon, finally converted to Islam now wanted to be against West Java"
ayo jabar... tunjukkan jati diri kalian. dukung kdm ratakan preman sombong ini...,"Come on, West Java ... Show your identity.Support KDM Flatten this arrogant thug ..."
itu sama sja mau bunuh diri lawan masyarakat jabar,it's the same as wanting to commit suicide against the people of West Java
pake daster sj sampean dudu wong lanang banci,using negligee sj sampean dudu wong lanang sissy
grib bertelur di era jokowi akhirnya menetas di era prabowo,Grib Laying Laying in the Jokowi era finally hatched in the Prabowo era
may day damai aksi yang bukan cuma soal turun ke jalan tapi juga angkat wibawa pekerja indonesia maydaybermartabat,May Day Peace Action which is not just a matter of taking to the streets but also lifting the authority of Indonesian workers Maydaybermartabat
sopo sing penjilat jokowi cung? sampean penjilat fpi yah,Sopo Sing Jokowi Cung Licker?sampean FPI license
menteri pertanian amran saat dipanggil ke istana menyampaikan kabar menggembirakan langsung dari presiden prabowo menunjukkan adanya perkembangan positif yang diharapkan dapat meningkatkan kesejahteraan petani dan pembangunan sektor pertanian nasional.,Minister of Agriculture Amran when called to the Palace conveyed the direct encouraging news from President Prabowo showed a positive development that was expected to improve the welfare of farmers and the development of the national agricultural sector.
apa anda ga tahu rekam jejaknya hehe ...,Don't you know the track record hehe ...
dulu fpi sekarang grib. negara para rampok n maling. sistem hukum n aparat nya laknat semua,Previously FPI was now grib.The country of the thieves is robbed.the legal system and the apparatus is all cursed
menteri kesehatan antek gavi,Minister of Health Gavi Antek
hercules lupa kalau dulu dia pernah ditaklukkan wong cerbon akhirnya masuk islam dibuntet sekarang mau lawan jawa barat,"Hercules forgot that he had been defeated by Wong Cerbon, finally converted to Islam now wanted to be against West Java"
buktikan kalau anak muda di may day bisa solid tanpa bikin rusuh maydaybermartabat,Prove that young people in May Day can be solid without making riot maydaybermartabat
tppbersamamenteridesa musdesus pembentukan koperasi merah putih tppbersamamenteridesa,TPPBersamamenteridesa Musdesus Formation of the Red and White Cooperative TPPBersamamenteridesa
gw males nonton jumbo grgr karakter utamanya mirip prabowo,I'm lazy to watch Jumbo Grgr. The main character is similar to Prabowo
presiden kita cuma katak kucing gemoy aja gak lebih bukan seperti pak harto bagaikan sang raja rimba singa,Our president is just a gemok cat frog not even more unlike Mr. Harto like the king of the jungle
suasana town hall danantara mendadak berubah saat prabowo mulai berbicara. media diminta keluar ada yang tidak normal terjadi di dalam ruangan. baca selengkapnya di bawah ini! idncitizen promedia,The atmosphere of Town Hall and between suddenly changed when Prabowo began to speak.The media is asked to come out something abnormal occurs in the room.Read more below!idncitizen promia
dia juga punya kebun sawit. you berharap ke arah yang keliru,He also has an oil palm plantation.You hope in the wrong direction
terlalu gemoy kayaknya untuk menghidupkan macan itu,Too Gemoy I think to turn on the tiger
mbg gak ada korelasinya dengan penanggulangan dan pencegahan stunting tapi tetep digodok sama prabowo. pemerintah gak perlu korelasi untuk bikin kebijakan. lagian poinnya bukan di situ. poinnya adalah sekali negara masuk ranah privat mereka gak akan berhenti.,Mbg has no correlation with the prevention and prevention of stunting but still drafted with Prabowo.The government does not need a correlation to make policies.Besides the points are not there.The point is that once the country enters their private domain will not stop.
tuh pak bu jadi rakyat kecil itu susah banget kalo orang kaya raya ini lebih milih lebih suka bantu orang yang bisa manjat tali,tuh sir mom so the little people are very difficult if this wealthy person prefers to prefer to help people who can climb the rope
nggak ormasnya gak ketua dewan pembinanya satu merek brengsek!,"Not the organization is not the chairman of the board of assistance, one jerk brand!"
masyarakat jabar akn lawan itu ormas,West Java people AKN opponents are mass organizations
pake daster sj sampean dudu wong lanang banci,using negligee sj sampean dudu wong lanang sissy
politikus itu bisa berganti ganti peran kadang jadi iblis kadang malaikat kadang pelacur. tidak ada hari tanpa kebohongan. let it be ! biarlah semua terjadi. akan tetapi ada saatnya kejujuran n kebenaran akan ditemukan dalam cara yang benar,"The politician can change the role sometimes become a devil sometimes angels sometimes prostitutes.There is no day without lies.Let it be!Let everything happen.However, there are times when honesty and truth will be found in the right way"
anak buah pak joko dan pak prabowo oke semua,Pak Joko's subordinates and Pak Prabowo are okay all
luhut pejabat negara bermental penjilat pengkhianat dia dan jokowi sumber malapetaka negeri ini,"Luhut, state officials with a traiter mentality, he and Jokowi, a source of disaster this country"
hercules kebanggaan prabowo jokowi gibran,Hercules Prabowo Jokowi Gibran's pride
warakasnya pindah ke bogor,The warrior moved to Bogor
may day datang lagi waktunya move bareng dengan tenang tetap fokus sama tujuan kebaikan maydaybermartabat,May Day came again time to move together in peace
kok .... jendral ngeveleng otak nya .... wakil presiden itu perpanjang tangan dari presiden mana ada wakil presiden mengurus negara. kalau tidak ada perintah dari presiden. walau dia punya job descriptions sebagai wakil presiden,How come ... General Developing his Brain ... The Vice President extended the hand from the president where there was a Vice President to take care of the country.If there is no order from the President.even though he has a job descriptions as vice president
ancaman hercules jika kang dedi tak rangkul ormas bisa suruh . orang geruduk gedung sate ada ancaman preman kok polisi abai? mau dibiarkan preman menguasai negara spt di haiti?,"The threat of Hercules if Kang Dedi did not embrace the mass organization to be told.People Gedung Sate people have threats of thugs, how come the police are ignorant?Do you want to leave the thugs in control of the State SPT in Haiti?"
apa maksudnya jokowi cerita dosen pembimbing saat dia masih jadi presiden? jelas secara logical deduktif jokowi berusaha untuk menutupi kepalsuan ijazahnya dengan menceritakan masa lalunya seolah olah benar bahwa jokowi pernah kuliah di ugm .,What does that mean Jokowi is the story of the supervisor when he is still president?Obviously logically deductive Jokowi tried to cover his diploma falsity by telling his past as if it was true that Jokowi had studied at UGM.
nanyanya ke mulyono karena orang ini dibawah kendali alias kacungnya mulyono,asked Mulyono because this person was under the control of the alias Kacung Mulyono
warasnya di bogor njing,the safety in Bogor Njing
kita sll merendahkan orang lain hny karena kita lebih tua lebih berpengalaman lebih ini lebih itu...pdhal itu ukuran kita dan lupa kl di dunia ini bkn kita penentu segalanya. segala yang trjadi jk tanpa seijin yang kuasa nothing happened. gibran ada di posisi ini atas seizin yang kuasa.,"We are demeaning other people hny because we are older more experienced more this is more ... Pdhal is our size and forgot to kl in this world, we will determine everything.Everything that happens to JK without the permission of the power of nothing happened.Gibran is in this position with the permission of the power."
sampean yang pengecut dan tukang tipu warakasnya di bogor ya jancuk,"sampean who was cowardly and his deception in Bogor, jancuk"
bukannya si panci mo nangis minta tolong prabowo,It's not that the Pans Mo crying for help Prabowo
kakak rosandy mohon maaf atas keluhan yang belum terselesaikan. perihal tersebut admin respon melalui dm ya kak. silahkan dapat dicek kembali. terima kasih fida,"Brother Rosandy apologized for unresolved complaints.Regarding the admin response via DM, sis.please check again.Thank you Fida"
bagi mulyono cuma curutnya dia maklumin aja,"For Mulyono, he only understood him"
sudah terang belum pak?,"Is it clear yet, sir?"
hanya preman atau saudaranya preman yang bisa akrab..,only thugs or siblings thugs can be familiar ..
perlu dikaji lebih mendalam terutama oleh presiden seperti dibuatkannya uu yang ketat dan tegas untuk hal tsb. jasmerahdenganangkatankelima,"It needs to be studied more deeply, especially by the president as is made a strict and firm law for this matter.Jasmerah with the premises"
omon gak yah.....?,omon or not .....?
saking ngawurnya kdm kebijakan prabowo jadi terlihat normal ._.,So inconsequential KDM Prabowo's policy looks normal ._.
mari jaga may day tetap damai sampaikan aspirasi tanpa harus anarkis. damai itu kece,Let's take care of May Day to convey aspirations without having to be anarchist.Peace is cool
yth anak buah bapak intel polri intel tni aparat terkait lain tidak kerja jakarta loh pak kok bisa tawuran siang bolong pke senpiblm tau airsoft ato air gun tangkap pak usut pak! kemang,"Dear Children of Intelligence Intelligence Intelligence Intelligence Intelligence, other relevant apparatus, not working in Jakarta, sir, how can it be brawls in broad daylight pke senpiblm or airsoft or air gun capture sir, sir!Kemang"
sama.... berasa paling hebat paling tau paling...paling...paling... presiden aja prabowo aja kena sama dia... siap busuk di dalam,Same .... feeling the most great the most know the most ... Most ... Most ... the president just Prabowo just hit by him ... ready to rot inside
semoga prabowo sama gibran mati keselek jamur enoki,I hope Prabowo and Gibran die are fungus enoki
merevisi catatan sejarah tidak akan mengubah fakta bahwa prabowo adalah pelanggar ham,Revising historical records will not change the fact that Prabowo is a human rights violator
balada ijazah jokowi pengacara jokowi tak bisa tunjukan asli ijazah jokowi disidang pengadilan maka fotocopy ijazah jokowi yang buat daftar pilpres dan adalah palsu,"Jokowi Diploma Ballad Jokowi's lawyer cannot show the original Jokowi diploma on the court, so a photocopy of Jokowi's diploma that created a list of presidential elections and is fake"
bukannya prabowo ketua dewan pembina grib jaya ya? hercules ketua umumnya.,Isn't Prabowo Chairman of the Grib Jaya Board of Trustees?Hercules Chairperson.
sudah menghina purnawariwan tni rakyat harus bergerak,already insulting the retired TNI people must move
indonesia bubar ditangan orang yang memprediksinya sendiri yakni,Indonesia disperse in the hands of people who predict themselves namely
ini makhluk yang otaknya ga dipakai. karena dibilang ilmiah dia percaya aja yakin dia ga tau ilmiah yang sbnrnya tuh kyk gmn.,This is a creature whose brain is not used.Because he said scientifically he believed he was sure he didn't know the scientific that was like it.
negara kaya tp rakyat miskin uangnya lari ke singapore semua negara yang menangung teguran polusi sedangkan yang di atas leha leha menikmati hasil rakyat membelah perut karena tidak bisa makan.,rich countries but poor people their money runs to Singapore all countries that win pollution reprimands while those above Leha Leha enjoy the results of the people splitting their stomachs because they cannot eat.
biang keroknya bakterinya ya kacungnya,the culprit of the bacteria
tppbersamamenteridesa musdesus pembentukan koperasi merah putih tppbersamamenteridesa,TPPBersamamenteridesa Musdesus Formation of the Red and White Cooperative TPPBersamamenteridesa
semoga bukan omon omon prabowo belum tepati janji soal kehidupan keluarga pekerja akan maju dan sejahtera . buruh sudah jadi korban phk,Hopefully not Omon Omon Prabowo has not been fixed a promise about the life of the working family will progress and prosper.workers have become victims of layoffs
lha faktanya ui menyatakan itu tidak sah berarti tidak sah. ugm mengatakan ijazah jokowi sah ya berarti sah. bagaimana sih logika anda. kasus bahlil begitu ui mengatakan tidak sah kan langsung clear. kenapa ugm mgatakan sah kalian ngamuk??,"The fact is that the UI states that it is illegitimate means it is illegitimate.UGM said Jokowi's diploma is valid, it means it is valid.How is your logic.The Bahlil case was so UI said it was not legal right away.Why did UGM say that you guys were rampant ??"
aku yakin yang baca ini bakal ngira agum gumelar terlibat dalam tim mawar deh padahal ngga. beliau cuma pernah jadi danjen kopassus sblm prabowo sehingga bawahannya pun otomatis jadi bawahan prabs termasuk yang kemudian dibentuk dalam tim mawar oleh prabs.,"I'm sure the one who reads this will think that Agum Gumelar is involved in the Mawar team even though not.He has only been the Danjen Kopassus before Prabowo so that his subordinates automatically become Prabs subordinates, including those who were then formed in the Mawar team by Prabs."
gitulah kalau preman binaan prabowo,That's what Prabowo's fostered thugs
komandan preman sedang memberikan instruksi arahan ke anggota pam polri brimob. hancur harga diri aparat hukum negara kita. brimob mendengarkan arahan dari kepala ormas preman dah terbalik negara,The commander of the thugs was giving directions to the Brimob Police PAM members.Destroyed the pride of our country's law apparatus.Brimob listens to the direction of the head of the thugs and the country's upside down
ini begitu buruknya kinerja gubernur kalimantan selatan bupati pk dprd akhirnya ormas grib mewakili karyawan untuk selesaikan kewajiban kep cc,"This is so bad the performance of the Governor of South Kalimantan, the PK Regent of the DPRD, finally the Grib mass organization represents employees to complete the obligations of KEP CC"
kalau nuruti orang ini indonesia tidak bakalan maju hanya akan sibuk saling ejek sibuk memfitnah sibuk caci maki... ikn ini merubah jawa sentris menjadi indonesia sentris... wilayah kalimantan dan timur makin berkembang cepat.. bravo,"if this person is not going to progress, it will only be busy tuning with each other busy slandering busy cursing ... IKN is changing Jawa Sentris into a centric Indonesia ... Kalimantan and Eastern regions are growing fast ... Bravo"
ketua pembina aman?,The Chairman of the Trustees is safe?
woi pak gmna sih ini kami butuh pejabat yang napak tanah,"Wow, sir, we need an official"
jokowi telah membuat kegaduhan dengan ijazah palsunya...laporkan balik,Jokowi has made a scene with his fake diploma ... Report back
gak mau jadi party pooper aku jg benci oligarki dan dwifungsi. tapi kebijakan kai dengan tni ini sudah lama. krl ini indeks potensi kejahatannya tinggi banyak yang kena pelecehan copet dll. ini salah satu artikel dari laman tni dari tahun,I don't want to be a party pooper I hate oligarchy and dwifunction.But KAI's policy with the TNI has been a long time.This KRL is a high potential crime index that has been hit by pickpockets etc.This is an article from the TNI page from the year
ui yang mengeluarkan ijazah bearti ui yang dipercaya. presiden pasti salah informasi. begono kawan.,UI who issued a diploma means a trusted UI.The president must be misinformation.Begono friend.
dia bicara seolah dialah yang paling faham negara pdhal dia sendiri cm pernah jd gubernur aja itupun bukan krna dipilih lgsung. bisa lihat lah waktu itu gmna jkrta?,He spoke as if he was the one who understood the state at him himself cm ever so the governor was not even because it was chosen by lgsung.can you see at that time how is it?
awalnya dia mengeluh karena tidak ada loker dan dia sendiri yang bilang gara gara pemerintah ini . maju lah saya dengan gagah berani siapa memang yang pilih kah? . tiba tiba dia bilang jujur saya kemarin pilih prabowo . lailahaillallah saya seperti mau langsung terbang untuk pulang saja.,"Initially he complained because there was no locker and he himself said because of this government.Forward me, who is brave, who really chose?.Suddenly he said honestly I chose Prabowo yesterday.Lailahaillallah I seemed to be flying right away to go home."
vqahhpwgvpnodtzquqemndmbdnwzddqbrraqvb,VQAHHPWGVPNODTZQUQEMNDMBDNWZDDQBRRAQVB
hai ini kenyataan yang terjadi di negara ini. ini nyata adanya. dan pemerintah tidak bisa memberikan solusi apapun terkait hal ini. sangat miris!!!,Hi this is the reality that occurs in this country.This is real.And the government cannot provide any solution related to this.Very sad !!!
